group,freq,window,n_stations,est,se,n_cells
안쪽·해소 없음 (도봉산·신내·금천구청·온수),week,사전(placebo),4,0.02754625723103063,0.01641208717457253,50
안쪽·해소 없음 (도봉산·신내·금천구청·온수),week,노출 후 전체,4,0.025774981448523915,0.054331025784141326,128
안쪽·해소 없음 (도봉산·신내·금천구청·온수),month,사전(placebo),4,0.025631633304563972,0.013412646989380394,11
안쪽·해소 없음 (도봉산·신내·금천구청·온수),month,노출 후 전체,4,0.02286309207465709,0.054186592442244844,29
안쪽·복정 → 성남 C5로 해소,week,사전(placebo),1,0.03579702017921403,,50
안쪽·복정 → 성남 C5로 해소,week,해소 전(흡수 구간),1,0.039004746046685565,,60
안쪽·복정 → 성남 C5로 해소,week,해소 후,1,0.030928133328379032,,68
안쪽·복정 → 성남 C5로 해소,month,사전(placebo),1,0.02954236353548534,,11
안쪽·복정 → 성남 C5로 해소,month,해소 전(흡수 구간),1,0.03342452196185834,,15
안쪽·복정 → 성남 C5로 해소,month,해소 후,1,0.028452182512013362,,14
안쪽·남태령·수색 → C4로 해소,week,사전(placebo),2,-0.0434833844722677,0.011433326701214226,50
안쪽·남태령·수색 → C4로 해소,week,해소 전(흡수 구간),2,0.09683294882025933,0.048908287291640956,39
안쪽·남태령·수색 → C4로 해소,week,해소 후,2,0.07248610135148821,0.014973299842357894,89
안쪽·남태령·수색 → C4로 해소,month,사전(placebo),2,-0.040101800805755906,0.006454840011342286,11
안쪽·남태령·수색 → C4로 해소,month,해소 전(흡수 구간),2,0.08949717217429223,0.04606037944766289,10
안쪽·남태령·수색 → C4로 해소,month,해소 후,2,0.07846210520716813,0.018498405689653302,19
안쪽·강일 → 하남 C6으로 해소,week,사전(placebo),1,-0.18992388711172126,,50
안쪽·강일 → 하남 C6으로 해소,week,해소 전(흡수 구간),1,0.09485468473173422,,74
안쪽·강일 → 하남 C6으로 해소,week,해소 후,1,0.08925195424134788,,54
안쪽·강일 → 하남 C6으로 해소,month,사전(placebo),1,-0.1854276933791083,,11
안쪽·강일 → 하남 C6으로 해소,month,해소 전(흡수 구간),1,0.09079473738746427,,18
안쪽·강일 → 하남 C6으로 해소,month,해소 후,1,0.08804836191185379,,11
안쪽·불암산 → 진접선 C3로 해소,week,사전(placebo),1,0.053507895708258785,,50
안쪽·불암산 → 진접선 C3로 해소,week,해소 전(흡수 구간),1,0.012523201599282595,,26
안쪽·불암산 → 진접선 C3로 해소,week,해소 후,1,0.011142116850877772,,102
안쪽·불암산 → 진접선 C3로 해소,month,사전(placebo),1,0.03070705942434533,,11
안쪽·불암산 → 진접선 C3로 해소,month,해소 전(흡수 구간),1,0.01182819223165078,,7
안쪽·불암산 → 진접선 C3로 해소,month,해소 후,1,0.010430336092470191,,22
바깥·끝내 미적용 (의정부·구리·남양주·안양·광명·부천·인천),week,사전(placebo),13,0.015286328948586864,0.018990368872923546,50
바깥·끝내 미적용 (의정부·구리·남양주·안양·광명·부천·인천),week,노출 후 전체,13,-0.08710488133405235,0.018319841591623778,128
바깥·끝내 미적용 (의정부·구리·남양주·안양·광명·부천·인천),month,사전(placebo),13,0.010469861031074607,0.017715438291114972,11
바깥·끝내 미적용 (의정부·구리·남양주·안양·광명·부천·인천),month,노출 후 전체,13,-0.08751593720351407,0.01807498398931471,29
  └ 별내선 영향권 (갈매·별내·도농·양정),week,사전(placebo),4,0.04302168853514242,0.03337363051851133,50
  └ 별내선 영향권 (갈매·별내·도농·양정),week,노출 후 전체,4,-0.1532493297829621,0.013438350045520964,128
  └ 별내선 영향권 (갈매·별내·도농·양정),month,사전(placebo),4,0.03323325086947573,0.031150223129291423,11
  └ 별내선 영향권 (갈매·별내·도농·양정),month,노출 후 전체,4,-0.15266604665270622,0.013224989119821576,29
  └ 별내선 영향 밖 (망월사·회룡·석수·관악·광명·역곡·소사·계양·검암),week,사전(placebo),9,0.002959502465673281,0.021106738790272445,50
  └ 별내선 영향 밖 (망월사·회룡·석수·관악·광명·역곡·소사·계양·검암),week,노출 후 전체,9,-0.05770734869009249,0.017418065047083285,128
  └ 별내선 영향 밖 (망월사·회룡·석수·관악·광명·역곡·소사·계양·검암),month,사전(placebo),9,0.0003527988806741058,0.020036090822131782,11
  └ 별내선 영향 밖 (망월사·회룡·석수·관악·광명·역곡·소사·계양·검암),month,노출 후 전체,9,-0.0585603330038731,0.01709300164507507,29
  └ 위에서 계양 제외 (사전추세 위반·검단연장 교란),week,사전(placebo),8,0.019512798432149446,0.016270826292341518,50
  └ 위에서 계양 제외 (사전추세 위반·검단연장 교란),week,노출 후 전체,8,-0.047217866909438126,0.015692345069330385,128
  └ 위에서 계양 제외 (사전추세 위반·검단연장 교란),month,사전(placebo),8,0.01616033250781257,0.015230497450807363,11
  └ 위에서 계양 제외 (사전추세 위반·검단연장 교란),month,노출 후 전체,8,-0.04915418959423015,0.015963893876958724,29
바깥 2차 링 (의정부·가능·퇴계원·사릉·덕소·도심·안양·명학·부천·중동·청라국제도시),week,사전(placebo),11,0.041150580032833894,0.012519444716344188,50
바깥 2차 링 (의정부·가능·퇴계원·사릉·덕소·도심·안양·명학·부천·중동·청라국제도시),week,노출 후 전체,11,-0.016854197911641743,0.015437547497011029,128
바깥 2차 링 (의정부·가능·퇴계원·사릉·덕소·도심·안양·명학·부천·중동·청라국제도시),month,사전(placebo),11,0.03643335998434154,0.010690875295728316,11
바깥 2차 링 (의정부·가능·퇴계원·사릉·덕소·도심·안양·명학·부천·중동·청라국제도시),month,노출 후 전체,11,-0.01881752914743661,0.015355717431533307,29
바깥·성남 태평·야탑 → C5 적용,week,사전(placebo),2,0.03901383939709076,0.005804626799772678,50
바깥·성남 태평·야탑 → C5 적용,week,해소 전(흡수 구간),2,-0.021628226230175275,0.007586026052824869,60
바깥·성남 태평·야탑 → C5 적용,week,해소 후,2,-0.02680797087916464,0.011898998563942682,68
바깥·성남 태평·야탑 → C5 적용,month,사전(placebo),2,0.03534996298405392,0.005421981735595419,11
바깥·성남 태평·야탑 → C5 적용,month,해소 전(흡수 구간),2,-0.02515459049962688,0.00751173106966468,15
바깥·성남 태평·야탑 → C5 적용,month,해소 후,2,-0.02755815872420806,0.011810525961533537,14
바깥·과천 선바위·경마공원 → C4 적용,week,사전(placebo),2,-0.040061767384248166,0.047767979388673096,50
바깥·과천 선바위·경마공원 → C4 적용,week,해소 전(흡수 구간),2,-0.04904538460746372,0.010510220052335735,39
바깥·과천 선바위·경마공원 → C4 적용,week,해소 후,2,-0.09441599395199914,0.023320540341508038,89
바깥·과천 선바위·경마공원 → C4 적용,month,사전(placebo),2,-0.025041166158673626,0.032273558197342164,11
바깥·과천 선바위·경마공원 → C4 적용,month,해소 전(흡수 구간),2,-0.0578734243466108,0.009502977145411361,10
바깥·과천 선바위·경마공원 → C4 적용,month,해소 후,2,-0.0881360050329876,0.01912434286633598,19
바깥·고양 강매·삼송·원흥 → C4 적용,week,사전(placebo),3,0.004424193774114366,0.01376262133810772,50
바깥·고양 강매·삼송·원흥 → C4 적용,week,해소 전(흡수 구간),3,-0.020186845574758618,0.006961996501715018,39
바깥·고양 강매·삼송·원흥 → C4 적용,week,해소 후,3,-0.023442950761785746,0.011048482576293608,89
바깥·고양 강매·삼송·원흥 → C4 적용,month,사전(placebo),3,0.002355728794756514,0.013146807112560558,11
바깥·고양 강매·삼송·원흥 → C4 적용,month,해소 전(흡수 구간),3,-0.022274294163879133,0.006893064159993971,10
바깥·고양 강매·삼송·원흥 → C4 적용,month,해소 후,3,-0.025013095607761347,0.01146757168946607,19
바깥·하남 미사·하남풍산 → C6 적용,week,사전(placebo),2,-0.033648282671939464,0.005784027046672112,50
바깥·하남 미사·하남풍산 → C6 적용,week,해소 전(흡수 구간),2,0.04051136398882156,0.0067799780756571644,74
바깥·하남 미사·하남풍산 → C6 적용,week,해소 후,2,0.05352655748337295,0.010093305583695656,54
바깥·하남 미사·하남풍산 → C6 적용,month,사전(placebo),2,-0.03648894552791407,0.005314207427937935,11
바깥·하남 미사·하남풍산 → C6 적용,month,해소 전(흡수 구간),2,0.03747796105644485,0.007108819907310666,18
바깥·하남 미사·하남풍산 → C6 적용,month,해소 후,2,0.053898664670853795,0.010339422606326054,11
새 경계 안쪽·탄현·정부과천청사 (C4 적용역),week,사전(placebo),2,-0.02837176041204393,0.03322412508561815,88
새 경계 안쪽·탄현·정부과천청사 (C4 적용역),week,노출 후 전체,2,0.03715238323986986,0.05534739510019572,84
새 경계 안쪽·탄현·정부과천청사 (C4 적용역),month,사전(placebo),2,-0.025768317119366953,0.03100091436173697,21
새 경계 안쪽·탄현·정부과천청사 (C4 적용역),month,노출 후 전체,2,0.041608985229243015,0.057692623735152646,20
새 경계 안쪽·오리·이매 (C5 적용역),week,사전(placebo),2,0.0451851846081158,0.011010543511986777,110
새 경계 안쪽·오리·이매 (C5 적용역),week,노출 후 전체,2,-0.03437063941729068,0.00594561290433362,66
새 경계 안쪽·오리·이매 (C5 적용역),month,사전(placebo),2,0.04589896621634647,0.01042392142953443,26
새 경계 안쪽·오리·이매 (C5 적용역),month,노출 후 전체,2,-0.029740028425281013,0.005940949782534595,14
새 경계 바깥·야당·운정·인덕원·평촌 (C4 인접 미적용),week,사전(placebo),4,-0.03368972595634765,0.02189520871541907,88
새 경계 바깥·야당·운정·인덕원·평촌 (C4 인접 미적용),week,노출 후 전체,4,-0.03979023058194206,0.035061347482527636,84
새 경계 바깥·야당·운정·인덕원·평촌 (C4 인접 미적용),month,사전(placebo),4,-0.03259783439797996,0.02296094008237456,21
새 경계 바깥·야당·운정·인덕원·평촌 (C4 인접 미적용),month,노출 후 전체,4,-0.037811122809379503,0.03527797282593181,20
새 경계 바깥·죽전·보정·삼동·경기광주 (C5 인접 미적용),week,사전(placebo),4,0.029034104342138167,0.01247970437870224,110
새 경계 바깥·죽전·보정·삼동·경기광주 (C5 인접 미적용),week,노출 후 전체,4,-0.022030110426724477,0.02054378407333443,66
새 경계 바깥·죽전·보정·삼동·경기광주 (C5 인접 미적용),month,사전(placebo),4,0.031439850355971646,0.012284491506150208,26
새 경계 바깥·죽전·보정·삼동·경기광주 (C5 인접 미적용),month,노출 후 전체,4,-0.018065920885974893,0.01967087110159378,14
