g,t,b,e,att,k,n_g,n_g_valid,n_c,t_label,cohort
108,0,104,-108,0.027725707723945232,-2,196,196,92,2022-01-01,C1
108,1,105,-107,0.016095556862795735,-2,196,196,92,2022-01-08,C1
108,2,106,-106,0.03139619522330164,-2,196,196,92,2022-01-15,C1
108,3,107,-105,0.020018764896002354,-2,196,196,92,2022-01-22,C1
108,5,57,-103,0.03781930060655084,-1,196,196,92,2022-02-05,C1
108,6,58,-102,0.04112365546474975,-1,196,196,92,2022-02-12,C1
108,7,59,-101,0.03630355113764767,-1,196,196,92,2022-02-19,C1
108,8,60,-100,0.02746870558318599,-1,196,196,92,2022-02-26,C1
108,9,61,-99,0.010388125204251893,-1,196,196,92,2022-03-05,C1
108,10,62,-98,0.011179584318558295,-1,196,196,92,2022-03-12,C1
108,11,63,-97,0.015486700210338347,-1,196,196,92,2022-03-19,C1
108,12,64,-96,0.00641601503279301,-1,196,196,92,2022-03-26,C1
108,13,65,-95,-0.010619606062876836,-1,196,196,92,2022-04-02,C1
108,14,66,-94,0.01300747412181242,-1,196,196,92,2022-04-09,C1
108,15,67,-93,-0.006286717186337993,-1,196,196,92,2022-04-16,C1
108,16,68,-92,0.008887457070794087,-1,196,196,92,2022-04-23,C1
108,17,69,-91,-0.00874441420811834,-1,196,196,92,2022-04-30,C1
108,18,70,-90,-0.008011833504290477,-1,196,196,92,2022-05-07,C1
108,19,71,-89,-0.006247327936275489,-1,196,196,92,2022-05-14,C1
108,20,72,-88,-0.008355017278990845,-1,196,196,92,2022-05-21,C1
108,21,73,-87,-0.020279849066895186,-1,196,196,92,2022-05-28,C1
108,22,74,-86,-0.006449673031725908,-1,196,196,92,2022-06-04,C1
108,23,75,-85,-0.012781008705974217,-1,196,196,92,2022-06-11,C1
108,24,76,-84,-0.009611726396589363,-1,196,196,92,2022-06-18,C1
108,25,77,-83,0.00812932046503323,-1,196,196,92,2022-06-25,C1
108,26,78,-82,-0.004088561622265908,-1,196,196,92,2022-07-02,C1
108,27,79,-81,-0.01753649685303504,-1,196,196,92,2022-07-09,C1
108,28,80,-80,-0.017781503797686657,-1,196,196,92,2022-07-16,C1
108,29,81,-79,-0.025022166629758775,-1,196,196,92,2022-07-23,C1
108,30,82,-78,-0.001471367089598284,-1,196,196,92,2022-07-30,C1
108,31,83,-77,-0.0022425647036837925,-1,196,196,92,2022-08-06,C1
108,32,84,-76,0.007347775052154664,-1,196,196,92,2022-08-13,C1
108,33,85,-75,-0.013953432687725073,-1,196,196,92,2022-08-20,C1
108,34,86,-74,-0.01518757161435195,-1,196,196,92,2022-08-27,C1
108,37,89,-71,-0.045539470765661755,-1,196,196,92,2022-09-17,C1
108,40,92,-68,-0.008104568842838143,-1,196,196,92,2022-10-08,C1
108,41,93,-67,-0.013424417144062027,-1,196,196,92,2022-10-15,C1
108,42,94,-66,-0.014436243289029567,-1,196,196,92,2022-10-22,C1
108,43,95,-65,0.0009122053216734025,-1,196,196,92,2022-10-29,C1
108,44,96,-64,-0.021658968157181022,-1,196,196,92,2022-11-05,C1
108,45,97,-63,-0.013792799331867176,-1,196,196,92,2022-11-12,C1
108,46,98,-62,-0.01604557873470637,-1,196,196,92,2022-11-19,C1
108,47,99,-61,3.357944177152794e-05,-1,196,196,92,2022-11-26,C1
108,48,100,-60,0.005462374820613363,-1,196,196,92,2022-12-03,C1
108,49,101,-59,-0.0018274597546366648,-1,196,196,92,2022-12-10,C1
108,50,102,-58,-0.00833437389853344,-1,196,196,92,2022-12-17,C1
108,51,103,-57,0.025053695446068024,-1,196,196,92,2022-12-24,C1
108,52,104,-56,0.020431066271696108,-1,196,196,92,2022-12-31,C1
108,53,105,-55,-0.00385637805171124,-1,196,196,92,2023-01-07,C1
108,54,106,-54,0.013841916644067285,-1,196,196,92,2023-01-14,C1
108,108,56,0,-0.03092656550904818,1,196,196,92,2024-01-27,C1
108,111,59,3,-0.006799552853899632,1,196,196,92,2024-02-17,C1
108,112,60,4,-0.004097306573389747,1,196,196,92,2024-02-24,C1
108,113,61,5,0.00356601837181947,1,196,196,92,2024-03-02,C1
108,114,62,6,0.0014045840524154786,1,196,196,92,2024-03-09,C1
108,115,63,7,0.010243244023054996,1,196,196,92,2024-03-16,C1
108,116,64,8,0.03341299105090261,1,196,196,92,2024-03-23,C1
108,117,65,9,-0.003975505404529471,1,196,196,92,2024-03-30,C1
108,118,66,10,-0.018910817069543378,1,196,196,92,2024-04-06,C1
108,119,67,11,-0.005358397740736509,1,196,196,92,2024-04-13,C1
108,120,68,12,0.012442071020135708,1,196,196,92,2024-04-20,C1
108,121,69,13,0.010267728767174841,1,196,196,92,2024-04-27,C1
108,122,70,14,-0.009314474017195352,1,196,196,92,2024-05-04,C1
108,123,71,15,-0.010402209372513897,1,196,196,92,2024-05-11,C1
108,124,72,16,0.0032319754155132312,1,196,196,92,2024-05-18,C1
108,125,73,17,0.009567037825562851,1,196,196,92,2024-05-25,C1
108,126,74,18,0.005360318183629762,1,196,196,92,2024-06-01,C1
108,127,75,19,0.0047904534094342,1,196,196,92,2024-06-08,C1
108,128,76,20,0.00042969571193935546,1,196,196,92,2024-06-15,C1
108,129,77,21,-0.006205170831982895,1,196,196,92,2024-06-22,C1
108,130,78,22,0.0067962843550621686,1,196,196,92,2024-06-29,C1
108,131,79,23,-0.004952362855163955,1,196,196,92,2024-07-06,C1
108,132,80,24,0.01986976862133281,1,196,196,92,2024-07-13,C1
108,133,81,25,0.0011716155727832973,1,196,196,92,2024-07-20,C1
108,134,82,26,-0.008968727220414401,1,196,196,92,2024-07-27,C1
108,135,83,27,-0.010898789327151888,1,196,196,92,2024-08-03,C1
108,136,84,28,0.01392193893749251,1,196,196,92,2024-08-10,C1
108,137,85,29,-0.0034939719938239452,1,196,196,92,2024-08-17,C1
108,138,86,30,-0.00011018996321416306,1,196,196,92,2024-08-24,C1
108,139,87,31,0.002444248045750601,1,196,196,92,2024-08-31,C1
108,140,88,32,0.0035055870182577695,1,196,196,92,2024-09-07,C1
108,144,92,36,-0.012492094666717017,1,196,196,92,2024-10-05,C1
108,145,93,37,-0.0010384436968618495,1,196,196,92,2024-10-12,C1
108,146,94,38,0.0005691733988329277,1,196,196,92,2024-10-19,C1
108,147,95,39,-0.00142581456130483,1,196,196,92,2024-10-26,C1
108,148,96,40,-0.014481561595179382,1,196,196,92,2024-11-02,C1
108,149,97,41,-0.027220726429713786,1,196,196,92,2024-11-09,C1
108,150,98,42,0.009387035641795834,1,196,196,92,2024-11-16,C1
108,151,99,43,-0.03754151302357766,1,196,196,92,2024-11-23,C1
108,152,100,44,0.01852604827765899,1,196,196,92,2024-11-30,C1
108,153,101,45,0.048644703138749225,1,196,196,92,2024-12-07,C1
108,154,102,46,-0.0034567114745923805,1,196,196,92,2024-12-14,C1
108,155,103,47,0.007293353866412628,1,196,196,92,2024-12-21,C1
108,156,104,48,-0.0022497008539135045,1,196,196,92,2024-12-28,C1
108,157,105,49,0.025040485601320984,1,196,196,92,2025-01-04,C1
108,158,106,50,0.028423833983249047,1,196,196,92,2025-01-11,C1
108,159,107,51,0.007116629139071634,1,196,196,92,2025-01-18,C1
108,161,57,53,0.03513434752962881,2,196,196,92,2025-02-01,C1
108,162,58,54,0.03227298953485901,2,196,196,92,2025-02-08,C1
108,163,59,55,0.017404456893296984,2,196,196,92,2025-02-15,C1
108,164,60,56,0.04009134449802667,2,196,196,92,2025-02-22,C1
108,165,61,57,0.012590644546981009,2,196,196,92,2025-03-01,C1
108,166,62,58,0.016577842124705672,2,196,196,92,2025-03-08,C1
108,167,63,59,0.02912292739695818,2,196,196,92,2025-03-15,C1
108,168,64,60,0.01885564787203428,2,196,196,92,2025-03-22,C1
108,169,65,61,0.011973305084011837,2,196,196,92,2025-03-29,C1
108,170,66,62,0.03414567951456454,2,196,196,92,2025-04-05,C1
108,171,67,63,0.029603896435971225,2,196,196,92,2025-04-12,C1
108,172,68,64,0.029337887248769342,2,196,196,92,2025-04-19,C1
108,173,69,65,0.02668596980528692,2,196,196,92,2025-04-26,C1
108,174,70,66,-0.025913975152211756,2,196,196,92,2025-05-03,C1
108,175,71,67,0.027143806584287434,2,196,196,92,2025-05-10,C1
108,176,72,68,0.016460343230705363,2,196,196,92,2025-05-17,C1
108,177,73,69,0.029583550802131132,2,196,196,92,2025-05-24,C1
108,178,74,70,0.00861172722344925,2,196,196,92,2025-05-31,C1
108,179,75,71,0.011459379801214333,2,196,196,92,2025-06-07,C1
108,180,76,72,0.026861423313142986,2,196,196,92,2025-06-14,C1
108,181,77,73,0.007222796705026135,2,196,196,92,2025-06-21,C1
108,182,78,74,0.0134644381579491,2,196,196,92,2025-06-28,C1
108,183,79,75,0.01007654076240673,2,196,196,92,2025-07-05,C1
108,184,80,76,0.03233134458740125,2,196,196,92,2025-07-12,C1
108,185,81,77,0.019970400731884184,2,196,196,92,2025-07-19,C1
108,186,82,78,0.022920022827297902,2,196,196,92,2025-07-26,C1
108,187,83,79,0.01267674926509509,2,196,196,92,2025-08-02,C1
108,188,84,80,0.04373843107049832,2,196,196,92,2025-08-09,C1
108,189,85,81,0.012855989786917685,2,196,196,92,2025-08-16,C1
108,190,86,82,0.030170544414855716,2,196,196,92,2025-08-23,C1
108,191,87,83,0.02641166056775383,2,196,196,92,2025-08-30,C1
108,192,88,84,0.012740585819927121,2,196,196,92,2025-09-06,C1
108,193,89,85,0.0002905236662868547,2,196,196,92,2025-09-13,C1
108,197,93,89,0.03496733819898605,2,196,196,92,2025-10-11,C1
108,198,94,90,0.03195233882012423,2,196,196,92,2025-10-18,C1
108,199,95,91,0.0344731680157672,2,196,196,92,2025-10-25,C1
108,200,96,92,0.015241623840412697,2,196,196,92,2025-11-01,C1
108,201,97,93,0.008969620288910164,2,196,196,92,2025-11-08,C1
108,202,98,94,0.028690419096277852,2,196,196,92,2025-11-15,C1
108,203,99,95,0.009174215020380773,2,196,196,92,2025-11-22,C1
108,204,100,96,0.024923922638889127,2,196,196,92,2025-11-29,C1
108,205,101,97,0.013399593364588364,2,196,196,92,2025-12-06,C1
108,206,102,98,-0.008544579326148997,2,196,196,92,2025-12-13,C1
108,207,103,99,0.030660621936114376,2,196,196,92,2025-12-20,C1
108,208,104,100,0.016079060205762,2,196,196,92,2025-12-27,C1
108,209,105,101,0.020890846317723803,2,196,196,92,2026-01-03,C1
108,210,106,102,0.10494979005935907,2,196,196,92,2026-01-10,C1
108,211,107,103,0.02930358090004698,2,196,196,92,2026-01-17,C1
108,212,56,104,0.029769698079954422,3,196,196,92,2026-01-24,C1
108,213,57,105,0.03601461011194893,3,196,196,92,2026-01-31,C1
108,214,58,106,0.05168161933520307,3,196,196,92,2026-02-07,C1
108,216,60,108,0.04881302040808947,3,196,196,92,2026-02-21,C1
108,217,61,109,0.015350538398043788,3,196,196,92,2026-02-28,C1
108,218,62,110,0.0219380473044262,3,196,196,92,2026-03-07,C1
108,219,63,111,0.026172381017027326,3,196,196,92,2026-03-14,C1
108,220,64,112,0.020570986830546936,3,196,196,92,2026-03-21,C1
108,221,65,113,0.0150959352667575,3,196,196,92,2026-03-28,C1
108,222,66,114,0.0373222420563205,3,196,196,92,2026-04-04,C1
108,223,67,115,0.0059805368643335195,3,196,196,92,2026-04-11,C1
108,224,68,116,0.016495601475938745,3,196,196,92,2026-04-18,C1
108,225,69,117,0.011694738008170669,3,196,196,92,2026-04-25,C1
108,226,70,118,-0.0127401437935766,3,196,196,92,2026-05-02,C1
108,227,71,119,0.020437992941607266,3,196,196,92,2026-05-09,C1
108,228,72,120,0.02790757164040625,3,196,196,92,2026-05-16,C1
108,229,73,121,0.017547194439257542,3,196,196,92,2026-05-23,C1
108,230,74,122,0.03263455053508233,3,196,196,92,2026-05-30,C1
108,231,75,123,0.022693242038578816,3,196,196,92,2026-06-06,C1
108,232,76,124,0.018211610495289146,3,196,196,92,2026-06-13,C1
108,233,77,125,0.020895774533670582,3,196,196,92,2026-06-20,C1
108,234,78,126,0.011894458288356743,3,196,196,92,2026-06-27,C1
108,235,79,127,0.025481362397664284,3,196,196,92,2026-07-04,C1
108,236,80,128,0.00843742629099229,3,196,196,92,2026-07-11,C1
108,237,81,129,0.02915812880942756,3,196,196,92,2026-07-18,C1
108,238,82,130,0.013806690646936877,3,196,196,92,2026-07-25,C1
108,239,83,131,0.029168390635701816,3,196,196,92,2026-08-01,C1
108,240,84,132,0.06100955241430292,3,196,196,92,2026-08-08,C1
108,241,85,133,-0.011288981955592737,3,196,196,92,2026-08-15,C1
108,242,86,134,0.03633900095809866,3,196,196,92,2026-08-22,C1
108,243,87,135,0.02774013945652709,3,196,196,92,2026-08-29,C1
108,244,88,136,0.013809047690033934,3,196,196,92,2026-09-05,C1
108,245,89,137,-0.00929856193332154,3,196,196,92,2026-09-12,C1
174,0,156,-174,0.0895000984858792,-3,5,5,101,2022-01-01,C5
174,1,157,-173,-0.004832762665360091,-3,5,5,101,2022-01-08,C5
174,2,158,-172,0.024785112886787974,-3,5,5,101,2022-01-15,C5
174,3,159,-171,0.009890711235384625,-3,5,5,101,2022-01-22,C5
174,5,161,-169,-0.02734697958436222,-3,5,5,101,2022-02-05,C5
174,6,162,-168,-0.014629300316648192,-3,5,5,101,2022-02-12,C5
174,7,163,-167,0.0021482150377750697,-3,5,5,101,2022-02-19,C5
174,8,164,-166,-0.06285732491327889,-3,5,5,101,2022-02-26,C5
174,9,165,-165,-0.0024222640046372423,-3,5,5,101,2022-03-05,C5
174,10,166,-164,-0.00732581532629023,-3,5,5,101,2022-03-12,C5
174,11,167,-163,-0.007709697445218711,-3,5,5,101,2022-03-19,C5
174,12,168,-162,-0.010578518953817645,-3,5,5,101,2022-03-26,C5
174,13,169,-161,-0.0372378454601853,-3,5,5,101,2022-04-02,C5
174,14,170,-160,-0.028348367911157774,-3,5,5,101,2022-04-09,C5
174,15,171,-159,-0.0360214312568711,-3,5,5,101,2022-04-16,C5
174,16,172,-158,-0.006167565136851141,-3,5,5,101,2022-04-23,C5
174,17,173,-157,0.011194044800048653,-3,5,5,101,2022-04-30,C5
174,18,122,-156,0.0025192830452125444,-2,5,5,101,2022-05-07,C5
174,19,123,-155,0.03103070484994019,-2,5,5,101,2022-05-14,C5
174,20,124,-154,0.011347094952939035,-2,5,5,101,2022-05-21,C5
174,21,125,-153,-0.013037238638967621,-2,5,5,101,2022-05-28,C5
174,22,126,-152,0.028656178553621743,-2,5,5,101,2022-06-04,C5
174,23,127,-151,0.002908008008164431,-2,5,5,101,2022-06-11,C5
174,24,128,-150,0.017410954568080055,-2,5,5,101,2022-06-18,C5
174,25,129,-149,0.034901606396634414,-2,5,5,101,2022-06-25,C5
174,26,130,-148,0.017438443620870242,-2,5,5,101,2022-07-02,C5
174,27,131,-147,0.005496081289816261,-2,5,5,101,2022-07-09,C5
174,28,132,-146,-0.018941030039653518,-2,5,5,101,2022-07-16,C5
174,29,133,-145,-0.01843087761900837,-2,5,5,101,2022-07-23,C5
174,30,134,-144,0.03305911701849101,-2,5,5,101,2022-07-30,C5
174,31,135,-143,0.014590378410661228,-2,5,5,101,2022-08-06,C5
174,32,136,-142,0.01131669377374045,-2,5,5,101,2022-08-13,C5
174,33,137,-141,-0.013428239016188215,-2,5,5,101,2022-08-20,C5
174,34,138,-140,-0.02822255786434159,-2,5,5,101,2022-08-27,C5
174,38,142,-136,-0.028490269286002297,-2,5,5,101,2022-09-24,C5
174,39,143,-135,0.04817889648986652,-2,5,5,101,2022-10-01,C5
174,40,144,-134,0.02644051846753251,-2,5,5,101,2022-10-08,C5
174,41,145,-133,-0.005021728145876769,-2,5,5,101,2022-10-15,C5
174,42,146,-132,-0.018188184721722882,-2,5,5,101,2022-10-22,C5
174,43,147,-131,0.006042942010524736,-2,5,5,101,2022-10-29,C5
174,44,148,-130,0.009752802895995664,-2,5,5,101,2022-11-05,C5
174,45,149,-129,0.03125377259468449,-2,5,5,101,2022-11-12,C5
174,46,150,-128,-0.014564893832535118,-2,5,5,101,2022-11-19,C5
174,47,151,-127,0.00979653591657624,-2,5,5,101,2022-11-26,C5
174,48,152,-126,0.009170675894690235,-2,5,5,101,2022-12-03,C5
174,49,153,-125,0.023977390514109825,-2,5,5,101,2022-12-10,C5
174,50,154,-124,0.051060557611626714,-2,5,5,101,2022-12-17,C5
174,51,155,-123,0.06445978223549426,-2,5,5,101,2022-12-24,C5
174,52,156,-122,0.11510417383345334,-2,5,5,101,2022-12-31,C5
174,53,157,-121,0.0037455142600734855,-2,5,5,101,2023-01-07,C5
174,54,158,-120,0.0325571276994535,-2,5,5,101,2023-01-14,C5
174,57,161,-117,-0.02297171709088537,-2,5,5,101,2023-02-04,C5
174,58,162,-116,-0.007731840120699437,-2,5,5,101,2023-02-11,C5
174,59,163,-115,0.010863188846095691,-2,5,5,101,2023-02-18,C5
174,60,164,-114,-0.04555778917902282,-2,5,5,101,2023-02-25,C5
174,61,165,-113,0.02799420208195498,-2,5,5,101,2023-03-04,C5
174,62,166,-112,0.023490396675477677,-2,5,5,101,2023-03-11,C5
174,63,167,-111,-0.00035646960501568934,-2,5,5,101,2023-03-18,C5
174,64,168,-110,0.011204937494398897,-2,5,5,101,2023-03-25,C5
174,65,169,-109,0.005810029636011596,-2,5,5,101,2023-04-01,C5
174,66,170,-108,0.023220174923799707,-2,5,5,101,2023-04-08,C5
174,67,171,-107,0.01398379801120202,-2,5,5,101,2023-04-15,C5
174,68,172,-106,0.018060886743303552,-2,5,5,101,2023-04-22,C5
174,69,173,-105,0.022132795480991563,-2,5,5,101,2023-04-29,C5
174,70,122,-104,0.03484540777388052,-1,5,5,101,2023-05-06,C5
174,71,123,-103,0.04010161169656543,-1,5,5,101,2023-05-13,C5
174,72,124,-102,0.017394980167875464,-1,5,5,101,2023-05-20,C5
174,73,125,-101,0.018156131689443425,-1,5,5,101,2023-05-27,C5
174,74,126,-100,0.015966748767015173,-1,5,5,101,2023-06-03,C5
174,75,127,-99,0.02359909964446119,-1,5,5,101,2023-06-10,C5
174,76,128,-98,0.019469652678139316,-1,5,5,101,2023-06-17,C5
174,77,129,-97,0.02812077891636163,-1,5,5,101,2023-06-24,C5
174,78,130,-96,0.010151433971948308,-1,5,5,101,2023-07-01,C5
174,79,131,-95,0.025332340742409837,-1,5,5,101,2023-07-08,C5
174,80,132,-94,0.0016384675578555062,-1,5,5,101,2023-07-15,C5
174,81,133,-93,0.009820255235088674,-1,5,5,101,2023-07-22,C5
174,82,134,-92,0.00016371743396679378,-1,5,5,101,2023-07-29,C5
174,83,135,-91,-0.029909416970505392,-1,5,5,101,2023-08-05,C5
174,84,136,-90,-0.043316499369505726,-1,5,5,101,2023-08-12,C5
174,85,137,-89,-0.009223947161435164,-1,5,5,101,2023-08-19,C5
174,86,138,-88,-0.015188822283236383,-1,5,5,101,2023-08-26,C5
174,87,139,-87,-0.022097415622092158,-1,5,5,101,2023-09-02,C5
174,88,140,-86,-0.02975497043664014,-1,5,5,101,2023-09-09,C5
174,92,144,-82,0.007455448731618681,-1,5,5,101,2023-10-07,C5
174,93,145,-81,0.007498305958093224,-1,5,5,101,2023-10-14,C5
174,94,146,-80,0.0009805742591820284,-1,5,5,101,2023-10-21,C5
174,95,147,-79,0.003881691495947779,-1,5,5,101,2023-10-28,C5
174,96,148,-78,0.03687549284927023,-1,5,5,101,2023-11-04,C5
174,97,149,-77,0.04078771451720363,-1,5,5,101,2023-11-11,C5
174,98,150,-76,0.004441554480699048,-1,5,5,101,2023-11-18,C5
174,99,151,-75,0.006229933882030456,-1,5,5,101,2023-11-25,C5
174,100,152,-74,-0.018257717954428165,-1,5,5,101,2023-12-02,C5
174,101,153,-73,-0.0009425993360464152,-1,5,5,101,2023-12-09,C5
174,102,154,-72,0.03636335268113418,-1,5,5,101,2023-12-16,C5
174,103,155,-71,0.006682808613892723,-1,5,5,101,2023-12-23,C5
174,104,156,-70,0.07304869593447907,-1,5,5,101,2023-12-30,C5
174,105,157,-69,0.009298179369719016,-1,5,5,101,2024-01-06,C5
174,106,158,-68,0.016015746694492995,-1,5,5,101,2024-01-13,C5
174,107,159,-67,0.04398803508422154,-1,5,5,101,2024-01-20,C5
174,111,163,-63,0.009167610983825139,-1,5,5,101,2024-02-17,C5
174,112,164,-62,-0.030299696158968648,-1,5,5,101,2024-02-24,C5
174,113,165,-61,0.02733898080030603,-1,5,5,101,2024-03-02,C5
174,114,166,-60,0.010603900917862646,-1,5,5,101,2024-03-09,C5
174,115,167,-59,0.0037222164778346455,-1,5,5,101,2024-03-16,C5
174,116,168,-58,0.024576774799710904,-1,5,5,101,2024-03-23,C5
174,117,169,-57,-0.010178675920860091,-1,5,5,101,2024-03-30,C5
174,118,170,-56,-0.052119475573822585,-1,5,5,101,2024-04-06,C5
174,119,171,-55,-0.022433541123565673,-1,5,5,101,2024-04-13,C5
174,120,172,-54,0.004049108651819625,-1,5,5,101,2024-04-20,C5
174,121,173,-53,-0.0024529424738276608,-1,5,5,101,2024-04-27,C5
174,174,122,0,-0.06674304222644854,1,5,5,101,2025-05-03,C5
174,175,123,1,0.03929013835956559,1,5,5,101,2025-05-10,C5
174,176,124,2,0.008570951442554037,1,5,5,101,2025-05-17,C5
174,177,125,3,0.010210179298809779,1,5,5,101,2025-05-24,C5
174,178,126,4,-0.020975067379153133,1,5,5,101,2025-05-31,C5
174,179,127,5,-0.004426262115431279,1,5,5,101,2025-06-07,C5
174,180,128,6,0.014183114265798675,1,5,5,101,2025-06-14,C5
174,181,129,7,-0.003737111174860192,1,5,5,101,2025-06-21,C5
174,182,130,8,-0.009188178526673871,1,5,5,101,2025-06-28,C5
174,183,131,9,0.00253234854060141,1,5,5,101,2025-07-05,C5
174,184,132,10,-0.0029946729481617074,1,5,5,101,2025-07-12,C5
174,185,133,11,0.00010377395038895301,1,5,5,101,2025-07-19,C5
174,186,134,12,0.024504433751931898,1,5,5,101,2025-07-26,C5
174,187,135,13,0.004943107711839477,1,5,5,101,2025-08-02,C5
174,188,136,14,0.01357845258744838,1,5,5,101,2025-08-09,C5
174,189,137,15,-0.014341889604326228,1,5,5,101,2025-08-16,C5
174,190,138,16,0.009035224261766693,1,5,5,101,2025-08-23,C5
174,191,139,17,0.00010822362996703097,1,5,5,101,2025-08-30,C5
174,192,140,18,-0.028113379339506514,1,5,5,101,2025-09-06,C5
174,194,142,20,-0.009233085430478499,1,5,5,101,2025-09-20,C5
174,197,145,23,0.024599582534962132,1,5,5,101,2025-10-11,C5
174,198,146,24,0.0021033026123709808,1,5,5,101,2025-10-18,C5
174,199,147,25,0.014289931979223694,1,5,5,101,2025-10-25,C5
174,200,148,26,0.00948903551857596,1,5,5,101,2025-11-01,C5
174,201,149,27,0.0077785229526224015,1,5,5,101,2025-11-08,C5
174,202,150,28,-0.008915176177965521,1,5,5,101,2025-11-15,C5
174,203,151,29,-0.0229917899014179,1,5,5,101,2025-11-22,C5
174,204,152,30,0.02134078268233406,1,5,5,101,2025-11-29,C5
174,205,153,31,-0.007509000894188676,1,5,5,101,2025-12-06,C5
174,206,154,32,-0.000193415512554293,1,5,5,101,2025-12-13,C5
174,207,155,33,0.011132498265667543,1,5,5,101,2025-12-20,C5
174,208,156,34,0.007516817606105456,1,5,5,101,2025-12-27,C5
174,209,157,35,-0.015215287104504982,1,5,5,101,2026-01-03,C5
174,210,158,36,0.021319009374340725,1,5,5,101,2026-01-10,C5
174,211,159,37,0.021255476386294103,1,5,5,101,2026-01-17,C5
174,213,161,39,-0.02733969614196141,1,5,5,101,2026-01-31,C5
174,214,162,40,0.0008958664348920342,1,5,5,101,2026-02-07,C5
174,216,164,42,0.003798356758723677,1,5,5,101,2026-02-21,C5
174,217,165,43,0.0032122578104688063,1,5,5,101,2026-02-28,C5
174,218,166,44,0.025308148552448465,1,5,5,101,2026-03-07,C5
174,219,167,45,0.0009911463630067133,1,5,5,101,2026-03-14,C5
174,220,168,46,0.00640124972814117,1,5,5,101,2026-03-21,C5
174,221,169,47,-0.01923242911612187,1,5,5,101,2026-03-28,C5
174,222,170,48,-0.016952007713086397,1,5,5,101,2026-04-04,C5
174,223,171,49,-0.04790043479001542,1,5,5,101,2026-04-11,C5
174,224,172,50,-0.03154512250988352,1,5,5,101,2026-04-18,C5
174,225,173,51,-0.016697151778613896,1,5,5,101,2026-04-25,C5
174,226,122,52,-0.05250328076156979,2,5,5,101,2026-05-02,C5
174,227,123,53,0.02460083366837483,2,5,5,101,2026-05-09,C5
174,228,124,54,0.009892668574012168,2,5,5,101,2026-05-16,C5
174,229,125,55,-0.0218774370933362,2,5,5,101,2026-05-23,C5
174,230,126,56,0.01898899761768929,2,5,5,101,2026-05-30,C5
174,231,127,57,-0.013006739119968719,2,5,5,101,2026-06-06,C5
174,232,128,58,-0.010005168272465562,2,5,5,101,2026-06-13,C5
174,233,129,59,-0.007495896902184886,2,5,5,101,2026-06-20,C5
174,234,130,60,-0.02828285331908756,2,5,5,101,2026-06-27,C5
174,235,131,61,-0.006001296667848037,2,5,5,101,2026-07-04,C5
174,236,132,62,-0.0643535406362665,2,5,5,101,2026-07-11,C5
174,237,133,63,-0.0026346213464474143,2,5,5,101,2026-07-18,C5
174,238,134,64,0.0035059908288649425,2,5,5,101,2026-07-25,C5
174,239,135,65,0.004827634112593695,2,5,5,101,2026-08-01,C5
174,240,136,66,0.02107866847995693,2,5,5,101,2026-08-08,C5
174,241,137,67,-0.06821587431492263,2,5,5,101,2026-08-15,C5
174,242,138,68,-0.003966590950795091,2,5,5,101,2026-08-22,C5
174,243,139,69,-0.01341977947921043,2,5,5,101,2026-08-29,C5
174,244,140,70,-0.059110250451759196,2,5,5,101,2026-09-05,C5
