complex,type,cohort,in_main_sample
4.19민주묘지,생활·한낮형,C1,True
가능,주거·출근형,NT,False
가락시장,혼합형,C1,True
가산디지털단지,업무형,C1,True
가양,주거·출근형,C1,True
가오리,주거·출근형,C1,True
가좌,주거·출근형,C1,True
가천대,혼합형,C5,False
가평,생활·한낮형,NT,False
간석,주거·출근형,NT,True
갈매,주거·출근형,NT,False
강남,상업·여가형,C1,True
강남구청,업무형,C1,True
강동,혼합형,C1,True
강동구청,주거·출근형,C1,True
강매,주거·출근형,C4,False
강변,생활·한낮형,C1,True
강일,주거·출근형,C1,False
강촌,생활·한낮형,NT,False
개롱,주거·출근형,C1,True
개봉,주거·출근형,C1,True
개포동,혼합형,C1,True
개화,주거·출근형,C1,True
개화산,주거·출근형,C1,True
거여,주거·출근형,C1,True
건대입구,상업·여가형,C1,True
검암,주거·출근형,NT,False
경기광주,주거·출근형,NT,False
경마공원,생활·한낮형,C4,False
경복궁,상업·여가형,C1,True
경찰병원,혼합형,C1,True
계양,주거·출근형,NT,False
고덕,혼합형,C1,True
고려대,혼합형,C1,True
고색,혼합형,NT,True
고속터미널,상업·여가형,C1,True
고잔,주거·출근형,NT,True
곡산,혼합형,C4,False
곤지암,생활·한낮형,NT,True
공덕,업무형,C1,True
공릉,혼합형,C1,True
공항시장,주거·출근형,C1,True
공항화물청사,업무형,NT,True
과천,주거·출근형,C4,False
관악,주거·출근형,NT,False
관악산,생활·한낮형,C1,False
광나루,혼합형,C1,True
광명,혼합형,NT,False
광명사거리,주거·출근형,C1,False
광운대,주거·출근형,C1,True
광화문,업무형,C1,True
광흥창,혼합형,C1,True
교대,업무형,C1,True
구로,혼합형,C1,True
구로디지털단지,혼합형,C1,True
구룡,생활·한낮형,C1,True
구리,주거·출근형,C4,False
구반포,혼합형,C1,True
구산,주거·출근형,C1,True
구성,주거·출근형,NT,False
구의,주거·출근형,C1,True
구일,혼합형,C1,True
구파발,주거·출근형,C1,True
국수,생활·한낮형,NT,True
국회의사당,업무형,C1,True
군자,혼합형,C1,True
군포,혼합형,NT,True
굴봉산,생활·한낮형,NT,False
굽은다리,주거·출근형,C1,True
금곡,주거·출근형,NT,True
금릉,주거·출근형,NT,True
금정,혼합형,NT,True
금천구청,주거·출근형,C1,False
금촌,생활·한낮형,NT,True
금호,주거·출근형,C1,True
기흥,주거·출근형,NT,True
길동,혼합형,C1,True
길음,주거·출근형,C1,True
김유정,생활·한낮형,NT,False
김포공항,상업·여가형,MIXED,False
까치산,주거·출근형,C1,True
낙성대,혼합형,C1,True
남구로,혼합형,C1,True
남동인더스파크,업무형,NT,True
남부터미널,업무형,C1,True
남성,주거·출근형,C1,True
남영,업무형,C1,True
남위례,혼합형,C1,False
남춘천,생활·한낮형,NT,False
남태령,생활·한낮형,C1,False
남한산성입구,주거·출근형,C1,False
내방,업무형,C1,True
노들,주거·출근형,C1,True
노량진,혼합형,C1,True
노원,혼합형,C1,True
녹번,주거·출근형,C1,True
녹사평,상업·여가형,C1,True
녹양,주거·출근형,NT,True
녹천,주거·출근형,C1,True
논현,업무형,C1,True
능곡,주거·출근형,C4,False
단대오거리,주거·출근형,C1,False
달월,업무형,NT,True
답십리,주거·출근형,C1,True
당곡,혼합형,C1,False
당산,혼합형,C1,True
당정,주거·출근형,NT,True
대곡,주거·출근형,C4,False
대공원,생활·한낮형,C4,False
대림,주거·출근형,C1,True
대모산입구,주거·출근형,C1,True
대방,혼합형,C1,True
대성리,생활·한낮형,NT,False
대야미,주거·출근형,NT,True
대청,혼합형,C1,True
대치,혼합형,C1,True
대화,주거·출근형,C4,False
대흥,혼합형,C1,True
덕계,주거·출근형,NT,True
덕소,주거·출근형,NT,False
덕정,주거·출근형,NT,True
도곡,혼합형,C1,True
도농,주거·출근형,NT,False
도림천,혼합형,C1,True
도봉,주거·출근형,C1,True
도봉산,주거·출근형,C1,False
도심,주거·출근형,NT,False
도원,생활·한낮형,NT,True
도화,주거·출근형,NT,True
독립문,생활·한낮형,C1,True
독바위,주거·출근형,C1,True
독산,혼합형,C1,True
돌곶이,주거·출근형,C1,True
동대문,생활·한낮형,C1,True
동대문역사문화공원,상업·여가형,C1,True
동대입구,상업·여가형,C1,True
동두천,생활·한낮형,NT,True
동두천중앙,생활·한낮형,NT,True
동묘앞,생활·한낮형,C1,True
동암,주거·출근형,NT,True
동인천,혼합형,NT,True
동작,생활·한낮형,C1,True
두정,혼합형,NT,False
둔촌동,혼합형,C1,True
둔촌오륜,주거·출근형,C1,True
등촌,주거·출근형,C1,True
디지털미디어시티,업무형,C1,True
뚝섬,업무형,C1,True
마곡,혼합형,C1,True
마곡나루,업무형,C1,True
마두,생활·한낮형,C4,False
마들,주거·출근형,C1,True
마석,주거·출근형,NT,True
마장,혼합형,C1,True
마천,주거·출근형,C1,True
마포,업무형,C1,True
마포구청,혼합형,C1,True
망우,주거·출근형,C1,True
망원,상업·여가형,C1,True
망월사,주거·출근형,NT,False
망포,혼합형,NT,True
매교,주거·출근형,NT,False
매봉,업무형,C1,True
매탄권선,주거·출근형,NT,True
먹골,주거·출근형,C1,True
면목,주거·출근형,C1,True
명동,상업·여가형,C1,True
명일,주거·출근형,C1,True
명학,혼합형,NT,False
모란,생활·한낮형,MIXED,False
목동,주거·출근형,C1,True
몽촌토성,혼합형,C1,True
무악재,주거·출근형,C1,True
문래,업무형,C1,True
문산,생활·한낮형,NT,True
문정,업무형,C1,True
미금,혼합형,C5,False
미사,혼합형,C6,False
미아,주거·출근형,C1,True
미아사거리,주거·출근형,C1,True
반월,주거·출근형,NT,True
반포,혼합형,C1,True
발산,업무형,C1,True
방배,혼합형,C1,True
방이,혼합형,C1,True
방학,주거·출근형,C1,True
방화,주거·출근형,C1,True
배방,혼합형,NT,False
백마,주거·출근형,C4,False
백석,혼합형,C4,False
백양리,생활·한낮형,NT,False
백운,주거·출근형,NT,True
버티고개,혼합형,C1,True
범계,혼합형,NT,True
별내,혼합형,NT,False
병점,주거·출근형,NT,True
보라매,혼합형,C1,True
보라매공원,혼합형,C1,False
보라매병원,업무형,C1,False
보문,혼합형,C1,True
보산,생활·한낮형,NT,True
보정,주거·출근형,NT,False
복정,혼합형,C1,False
봉명,생활·한낮형,NT,False
봉은사,업무형,C1,True
봉천,주거·출근형,C1,True
봉화산,주거·출근형,C1,True
부개,주거·출근형,NT,True
부발,생활·한낮형,NT,True
부천,주거·출근형,NT,False
부천종합운동장,주거·출근형,NT,False
부평,상업·여가형,NT,True
북한산보국문,주거·출근형,C1,True
북한산우이,생활·한낮형,C1,True
불광,주거·출근형,C1,True
불암산,주거·출근형,C1,False
사가정,주거·출근형,C1,True
사당,상업·여가형,C1,True
사릉,주거·출근형,NT,False
사리,주거·출근형,NT,True
사평,혼합형,C1,True
산본,혼합형,NT,True
산성,주거·출근형,C1,False
삼각지,상업·여가형,C1,True
삼동,주거·출근형,NT,False
삼성,업무형,C1,True
삼성중앙,업무형,C1,True
삼송,주거·출근형,C4,False
삼양,주거·출근형,C1,True
삼양사거리,생활·한낮형,C1,True
삼전,주거·출근형,C1,True
상갈,주거·출근형,NT,True
상계,주거·출근형,C1,True
상도,혼합형,C1,True
상록수,주거·출근형,NT,True
상봉,주거·출근형,C1,True
상수,상업·여가형,C1,True
상왕십리,혼합형,C1,True
상월곡,주거·출근형,C1,True
상일동,주거·출근형,C1,True
상천,생활·한낮형,NT,False
새절,주거·출근형,C1,True
샛강,업무형,C1,True
서강대,상업·여가형,C1,True
서대문,업무형,C1,True
서동탄,주거·출근형,NT,True
서빙고,생활·한낮형,C1,True
서울대벤처타운,주거·출근형,C1,False
서울대입구,혼합형,C1,True
서울숲,업무형,C1,True
서울역,상업·여가형,C1,False
서울지방병무청,주거·출근형,C1,False
서원,주거·출근형,C1,False
서정리,혼합형,NT,True
서초,업무형,C1,True
서현,업무형,C5,False
석계,주거·출근형,C1,True
석수,주거·출근형,NT,False
석촌,혼합형,C1,True
석촌고분,혼합형,C1,True
선릉,업무형,C1,True
선바위,혼합형,C4,False
선유도,혼합형,C1,True
선정릉,업무형,C1,True
성균관대,주거·출근형,NT,True
성수,업무형,C1,True
성신여대입구,혼합형,C1,True
성환,생활·한낮형,NT,False
세류,주거·출근형,NT,True
세마,주거·출근형,NT,True
세종대왕릉,생활·한낮형,NT,True
소래포구,생활·한낮형,NT,False
소사,주거·출근형,NT,False
소요산,생활·한낮형,NT,False
솔밭공원,주거·출근형,C1,True
솔샘,주거·출근형,C1,True
송내,주거·출근형,NT,True
송도,주거·출근형,NT,True
송정,주거·출근형,C1,True
송탄,생활·한낮형,NT,True
송파,주거·출근형,C1,True
송파나루,혼합형,C1,True
수내,업무형,C5,False
수락산,주거·출근형,C1,True
수리산,주거·출근형,NT,True
수색,혼합형,C1,False
수서,혼합형,C1,False
수원,상업·여가형,NT,True
수원시청,혼합형,NT,True
수유,주거·출근형,C1,True
수진,주거·출근형,C1,False
숙대입구,상업·여가형,C1,True
숭실대입구,혼합형,C1,True
숭의,주거·출근형,NT,True
시청,업무형,C1,True
신갈,주거·출근형,NT,True
신금호,주거·출근형,C1,True
신길,혼합형,C1,True
신길온천,주거·출근형,NT,True
신내,혼합형,C1,False
신논현,상업·여가형,C1,True
신답,주거·출근형,C1,True
신당,혼합형,C1,True
신대방,주거·출근형,C1,True
신대방삼거리,주거·출근형,C1,True
신도림,혼합형,C1,True
신둔도예촌,주거·출근형,NT,True
신림,주거·출근형,C1,True
신목동,주거·출근형,C1,True
신반포,혼합형,C1,True
신방화,주거·출근형,C1,True
신사,상업·여가형,C1,True
신설동,혼합형,C1,True
신용산,업무형,C1,True
신원,생활·한낮형,NT,False
신이문,주거·출근형,C1,True
신정,주거·출근형,C1,True
신정네거리,주거·출근형,C1,True
신창,혼합형,NT,False
신촌(2호선),상업·여가형,C1,True
신촌(경의선),업무형,C1,True
신포,혼합형,NT,True
신풍,주거·출근형,C1,True
신흥,주거·출근형,C1,False
쌍문,주거·출근형,C1,True
쌍용,주거·출근형,NT,False
아산,상업·여가형,NT,False
아신,생활·한낮형,NT,True
아차산,주거·출근형,C1,True
아현,혼합형,C1,True
안국,업무형,C1,True
안산,생활·한낮형,NT,True
안암,상업·여가형,C1,True
안양,주거·출근형,NT,False
암사,주거·출근형,C1,False
압구정,업무형,C1,True
압구정로데오,상업·여가형,C1,True
애오개,혼합형,C1,True
야당,주거·출근형,NT,False
야목,주거·출근형,NT,True
야탑,혼합형,C5,False
약수,혼합형,C1,True
양수,생활·한낮형,NT,True
양원,주거·출근형,C1,False
양재,업무형,C1,True
양정,생활·한낮형,NT,False
양주,주거·출근형,NT,True
양천구청,주거·출근형,C1,True
양천향교,혼합형,C1,True
양평(5호선),혼합형,C1,True
양평(중앙선),생활·한낮형,NT,True
어린이대공원,혼합형,C1,True
어천,생활·한낮형,NT,True
언주,업무형,C1,True
여의나루,상업·여가형,C1,True
여의도,업무형,C1,True
여주,생활·한낮형,NT,True
역곡,주거·출근형,NT,False
역삼,업무형,C1,True
역촌,주거·출근형,C1,True
연수,혼합형,NT,True
연신내,주거·출근형,C1,False
연천,생활·한낮형,NT,False
염창,주거·출근형,C1,True
영등포,상업·여가형,C1,True
영등포구청,업무형,C1,True
영등포시장,혼합형,C1,True
영종,주거·출근형,NT,True
영통,혼합형,NT,True
오금,주거·출근형,C1,True
오류동,주거·출근형,C1,True
오리,혼합형,C5,False
오목교,혼합형,C1,True
오목천,혼합형,NT,False
오빈,생활·한낮형,NT,True
오산,생활·한낮형,NT,True
오산대,주거·출근형,NT,True
오이도,주거·출근형,NT,True
옥수,혼합형,C1,True
온수,주거·출근형,C1,False
온양온천,생활·한낮형,NT,False
올림픽공원,상업·여가형,C1,True
왕십리,상업·여가형,C1,True
외대앞,혼합형,C1,True
용답,주거·출근형,C1,True
용두,혼합형,C1,True
용마산,주거·출근형,C1,True
용문,생활·한낮형,NT,False
용산,상업·여가형,C1,True
우장산,주거·출근형,C1,True
운길산,생활·한낮형,NT,False
운서,주거·출근형,NT,True
운정,주거·출근형,NT,False
운천,생활·한낮형,NT,False
원당,주거·출근형,C4,False
원덕,생활·한낮형,NT,True
원인재,주거·출근형,NT,True
원종,주거·출근형,NT,False
원흥,주거·출근형,C4,False
월계,주거·출근형,C1,True
월곡,주거·출근형,C1,True
월곶,주거·출근형,NT,True
월드컵경기장,상업·여가형,C1,True
월롱,업무형,NT,True
을지로3가,업무형,C1,True
을지로4가,업무형,C1,True
을지로입구,업무형,C1,True
응봉,주거·출근형,C1,True
응암,주거·출근형,C1,True
의왕,혼합형,NT,True
의정부,혼합형,NT,False
이대,혼합형,C1,True
이매,혼합형,C5,False
이수,혼합형,C1,True
이천,생활·한낮형,NT,True
이촌,생활·한낮형,C1,True
이태원,상업·여가형,C1,True
인덕원,혼합형,NT,False
인천,생활·한낮형,NT,True
인천공항1터미널,상업·여가형,NT,False
인천공항2터미널,상업·여가형,NT,False
인천논현,혼합형,NT,True
인하대,혼합형,NT,True
일산,주거·출근형,C4,False
일원,혼합형,C1,True
임진강,생활·한낮형,NT,False
자양,상업·여가형,C1,True
잠실,상업·여가형,C1,True
잠실나루,혼합형,C1,True
잠실새내,혼합형,C1,True
잠원,혼합형,C1,True
장승배기,주거·출근형,C1,True
장암,주거·출근형,C1,False
장지,혼합형,C1,True
장한평,혼합형,C1,True
전곡,생활·한낮형,NT,False
정릉,생활·한낮형,C1,True
정발산,생활·한낮형,C4,False
정부과천청사,혼합형,C4,False
정왕,혼합형,NT,True
정자,업무형,C5,False
제기동,생활·한낮형,C1,True
제물포,주거·출근형,NT,True
종각,업무형,C1,True
종로3가,상업·여가형,C1,True
종로5가,생활·한낮형,C1,True
종합운동장,상업·여가형,C1,True
주안,혼합형,NT,True
주엽,주거·출근형,C4,False
죽전,혼합형,NT,False
중계,주거·출근형,C1,True
중곡,주거·출근형,C1,True
중동,주거·출근형,NT,False
중랑,주거·출근형,C1,True
중앙,혼합형,NT,True
중앙보훈병원,주거·출근형,C1,True
중화,주거·출근형,C1,True
증미,혼합형,C1,True
증산,주거·출근형,C1,True
지축,주거·출근형,C1,False
지평,생활·한낮형,NT,False
지행,주거·출근형,NT,True
직산,혼합형,NT,False
진위,업무형,NT,True
창동,주거·출근형,C1,True
창신,주거·출근형,C1,True
천마산,주거·출근형,NT,True
천안,생활·한낮형,NT,False
천왕,주거·출근형,C1,True
천호,혼합형,C1,True
철산,주거·출근형,C1,False
청구,혼합형,C1,True
청담,업무형,C1,True
청라국제도시,주거·출근형,NT,False
청량리,생활·한낮형,C1,True
청명,주거·출근형,NT,True
청산,생활·한낮형,NT,False
청평,생활·한낮형,NT,True
초월,주거·출근형,NT,True
초지,주거·출근형,NT,True
춘천,생활·한낮형,NT,False
충무로,업무형,C1,True
충정로,업무형,C1,True
탄현,주거·출근형,C4,False
탕정,혼합형,NT,False
태릉입구,혼합형,C1,True
태평,주거·출근형,C5,False
퇴계원,주거·출근형,NT,False
파주,생활·한낮형,NT,True
판교,업무형,C5,False
팔당,생활·한낮형,NT,False
평내호평,주거·출근형,NT,True
평촌,혼합형,NT,False
평택,생활·한낮형,NT,True
평택지제,혼합형,NT,True
풍산,주거·출근형,C4,False
하계,주거·출근형,C1,True
하남검단산,생활·한낮형,C6,False
하남시청,주거·출근형,C6,False
하남풍산,혼합형,C6,False
학동,업무형,C1,True
학여울,생활·한낮형,C1,True
한강진,상업·여가형,C1,True
한국항공대,혼합형,C4,False
한남,업무형,C1,True
한대앞,주거·출근형,NT,True
한성대입구,혼합형,C1,True
한성백제,혼합형,C1,True
한양대,업무형,C1,True
한티,상업·여가형,C1,True
합정,상업·여가형,C1,True
행당,주거·출근형,C1,True
행신,주거·출근형,C4,False
혜화,상업·여가형,C1,True
호구포,혼합형,NT,True
홍대입구,상업·여가형,C1,True
홍제,주거·출근형,C1,True
화계,주거·출근형,C1,True
화곡,주거·출근형,C1,True
화랑대,주거·출근형,C1,True
화서,주거·출근형,NT,True
화정,주거·출근형,C4,False
회기,혼합형,C1,True
회룡,주거·출근형,NT,False
회현,업무형,C1,True
효창공원앞,혼합형,C1,True
흑석,혼합형,C1,True
