station,line,cohort,treat_date,exclude_reason,complex,sido,sigungu,note,in_data,station_raw,first_month,last_month,on_median_month,season_amp
한대앞,안산선,NT,,,한대앞,경기,안산시,,Y,한대앞,202301,202608,290739.5,0.242
중앙,안산선,NT,,,중앙,경기,안산시,,Y,중앙,202301,202608,560126.0,0.157
고잔,안산선,NT,,,고잔,경기,안산시,,Y,고잔,202301,202608,266248.5,0.182
초지,안산선,NT,,,초지,경기,안산시,,Y,초지,202301,202608,150480.5,0.208
안산,안산선,NT,,,안산,경기,안산시,,Y,안산,202301,202608,369248.0,0.089
신길온천,안산선,NT,,,신길온천,경기,안산시,,Y,신길온천,202301,202608,61556.5,0.151
정왕,안산선,NT,,,정왕,경기,시흥시,,Y,정왕,202301,202608,292611.5,0.327
오이도,안산선,NT,,,오이도,경기,시흥시,,Y,오이도,202301,202608,241128.0,0.159
수리산,안산선,NT,,,수리산,경기,군포시,,Y,수리산,202301,202608,120508.5,0.172
북한산우이,우이신설선,C1,2024-01-27,,북한산우이,서울,,,Y,북한산우이,202301,202608,99477.0,0.267
솔밭공원,우이신설선,C1,2024-01-27,,솔밭공원,서울,,,Y,솔밭공원,202301,202608,79580.5,0.127
4.19민주묘지,우이신설선,C1,2024-01-27,,4.19민주묘지,서울,,,Y,4.19민주묘지,202301,202608,108038.0,0.403
가오리,우이신설선,C1,2024-01-27,,가오리,서울,,,Y,가오리,202301,202608,127280.0,0.098
화계,우이신설선,C1,2024-01-27,,화계,서울,,,Y,화계,202301,202608,108652.5,0.115
삼양,우이신설선,C1,2024-01-27,,삼양,서울,,,Y,삼양,202301,202608,63573.5,0.065
삼양사거리,우이신설선,C1,2024-01-27,,삼양사거리,서울,,,Y,삼양사거리,202301,202608,78383.0,0.115
솔샘,우이신설선,C1,2024-01-27,,솔샘,서울,,,Y,솔샘,202301,202608,174359.5,0.129
북한산보국문,우이신설선,C1,2024-01-27,,북한산보국문,서울,,,Y,북한산보국문,202301,202608,189081.0,0.204
정릉,우이신설선,C1,2024-01-27,,정릉,서울,,,Y,정릉,202301,202608,143982.5,0.168
성신여대입구,우이신설선,C1,2024-01-27,,성신여대입구,서울,,,Y,성신여대입구(돈암),202301,202608,109701.0,0.182
보문,우이신설선,C1,2024-01-27,,보문,서울,,,Y,보문,202301,202608,51386.0,0.141
신설동,우이신설선,C1,2024-01-27,,신설동,서울,,,Y,신설동,202301,202608,71213.5,0.141
원흥,일산선,C4,2024-11-30,boundary_out,원흥,경기,고양시,,Y,원흥,202301,202608,336729.5,0.153
지축,일산선,C1,2024-01-27,boundary_in;c1_outside_seoul,지축,경기,고양시,"C1 적용은 공식 이용범위('3호선 전구간')에서 추정 / 개찰구 공용 — 노선별 값 무의미, 복합역 합산만 사용",Y,지축,202301,202608,31.0,0.248
삼송,일산선,C4,2024-11-30,boundary_out,삼송,경기,고양시,,Y,삼송,202301,202608,574507.0,0.104
원당,일산선,C4,2024-11-30,,원당,경기,고양시,,Y,원당,202301,202608,333526.0,0.139
화정,일산선,C4,2024-11-30,,화정,경기,고양시,,Y,화정,202301,202608,511568.0,0.113
대곡,일산선,C4,2024-11-30,gtx,대곡,경기,고양시,,Y,대곡,202301,202608,98501.5,0.137
백석,일산선,C4,2024-11-30,,백석,경기,고양시,,Y,백석,202301,202608,296230.5,0.096
마두,일산선,C4,2024-11-30,,마두,경기,고양시,,Y,마두,202301,202608,224787.0,0.101
정발산,일산선,C4,2024-11-30,,정발산,경기,고양시,,Y,정발산,202301,202608,222037.5,0.144
주엽,일산선,C4,2024-11-30,,주엽,경기,고양시,,Y,주엽,202301,202608,278580.0,0.084
대화,일산선,C4,2024-11-30,,대화,경기,고양시,,Y,대화,202301,202608,377680.5,0.122
봉명,장항선,NT,,outside_capital_region,봉명,충남,천안시,,Y,봉명,202301,202608,39167.5,0.127
쌍용,장항선,NT,,outside_capital_region;leisure,쌍용,충남,천안시,,Y,쌍용(나사렛대),202301,202608,82092.0,0.443
아산,장항선,NT,,outside_capital_region,아산,충남,아산시,,Y,아산,202301,202608,131790.5,0.332
탕정,장항선,NT,,outside_capital_region,탕정,충남,아산시,,Y,탕정,202301,202608,54223.0,0.346
배방,장항선,NT,,outside_capital_region,배방,충남,아산시,,Y,배방,202301,202608,39235.5,0.233
온양온천,장항선,NT,,outside_capital_region,온양온천,충남,아산시,,Y,온양온천,202301,202608,149176.0,0.227
신창,장항선,NT,,outside_capital_region;leisure,신창,충남,아산시,,Y,신창(순천향대),202301,202608,58860.5,0.858
회기,중앙선,C1,2024-01-27,,회기,서울,,,Y,회기,202301,202608,802851.0,0.243
중랑,중앙선,C1,2024-01-27,,중랑,서울,,,Y,중랑,202301,202608,166537.5,0.1
상봉,중앙선,C1,2024-01-27,,상봉,서울,,,Y,상봉|상봉(시외버스터미널),202301,202608,177332.5,0.1
망우,중앙선,C1,2024-01-27,,망우,서울,,,Y,망우,202301,202608,230319.5,0.101
서울역,1호선,C1,2024-01-27,gtx,서울역,서울,,,Y,서울역,202301,202608,1728051.0,0.148
시청,1호선,C1,2024-01-27,,시청,서울,,,Y,시청,202301,202608,776486.0,0.189
종각,1호선,C1,2024-01-27,,종각,서울,,,Y,종각,202301,202608,1124804.5,0.132
종로3가,1호선,C1,2024-01-27,,종로3가,서울,,,Y,종로3가,202301,202608,778816.5,0.141
종로5가,1호선,C1,2024-01-27,,종로5가,서울,,,Y,종로5가,202301,202608,718253.5,0.16
동대문,1호선,C1,2024-01-27,,동대문,서울,,,Y,동대문,202301,202608,367104.0,0.148
신설동,1호선,C1,2024-01-27,,신설동,서울,,,Y,신설동,202301,202608,416049.5,0.141
제기동,1호선,C1,2024-01-27,,제기동,서울,,,Y,제기동,202301,202608,497012.0,0.088
청량리,1호선,C1,2024-01-27,,청량리,서울,,,Y,청량리(서울시립대입구),202301,202608,677049.5,0.087
동묘앞,1호선,C1,2024-01-27,,동묘앞,서울,,,Y,동묘앞,202301,202608,310897.5,0.184
시청,2호선,C1,2024-01-27,,시청,서울,,,Y,시청,202301,202608,746460.0,0.189
을지로입구,2호선,C1,2024-01-27,,을지로입구,서울,,,Y,을지로입구,202301,202608,1422448.5,0.28
을지로3가,2호선,C1,2024-01-27,,을지로3가,서울,,,Y,을지로3가,202301,202608,727966.5,0.132
을지로4가,2호선,C1,2024-01-27,,을지로4가,서울,,,Y,을지로4가,202301,202608,413207.5,0.137
동대문역사문화공원,2호선,C1,2024-01-27,,동대문역사문화공원,서울,,,Y,동대문역사문화공원(DDP),202301,202608,455158.0,0.179
신당,2호선,C1,2024-01-27,,신당,서울,,,Y,신당,202301,202608,440586.5,0.111
상왕십리,2호선,C1,2024-01-27,,상왕십리,서울,,,Y,상왕십리,202301,202608,423465.5,0.097
왕십리,2호선,C1,2024-01-27,,왕십리,서울,,,Y,왕십리(성동구청),202301,202608,476546.5,0.136
한양대,2호선,C1,2024-01-27,,한양대,서울,,,Y,한양대,202301,202608,346646.5,0.733
뚝섬,2호선,C1,2024-01-27,,뚝섬,서울,,,Y,뚝섬,202301,202608,712408.5,0.103
성수,2호선,C1,2024-01-27,,성수,서울,,,Y,성수,202301,202608,1301490.0,0.144
양원,중앙선,C1,2024-01-27,boundary_in,양원,서울,,,Y,양원,202301,202608,91490.0,0.121
건대입구,2호선,C1,2024-01-27,,건대입구,서울,,,Y,건대입구,202301,202608,1114188.5,0.131
구의,2호선,C1,2024-01-27,,구의,서울,,,Y,구의(광진구청),202301,202608,745221.0,0.11
강변,2호선,C1,2024-01-27,,강변,서울,,,Y,강변(동서울터미널),202301,202608,881181.0,0.063
잠실나루,2호선,C1,2024-01-27,,잠실나루,서울,,,Y,잠실나루,202301,202608,431518.0,0.132
잠실,2호선,C1,2024-01-27,,잠실,서울,,,Y,잠실(송파구청),202301,202608,2374748.0,0.182
잠실새내,2호선,C1,2024-01-27,,잠실새내,서울,,,Y,잠실새내,202301,202608,694721.5,0.116
종합운동장,2호선,C1,2024-01-27,,종합운동장,서울,,,Y,종합운동장,202301,202608,407274.0,0.355
삼성,2호선,C1,2024-01-27,,삼성,서울,,,Y,삼성(무역센터),202301,202608,1580429.5,0.172
선릉,2호선,C1,2024-01-27,,선릉,서울,,,Y,선릉,202301,202608,1568099.5,0.1
역삼,2호선,C1,2024-01-27,,역삼,서울,,,Y,역삼,202301,202608,1366307.5,0.118
강남,2호선,C1,2024-01-27,,강남,서울,,,Y,강남,202301,202608,2314231.5,0.095
교대,2호선,C1,2024-01-27,,교대,서울,,,Y,교대(법원.검찰청),202301,202608,873903.5,0.123
서초,2호선,C1,2024-01-27,,서초,서울,,,Y,서초,202301,202608,635815.5,0.134
방배,2호선,C1,2024-01-27,,방배,서울,,,Y,방배,202301,202608,491053.5,0.243
사당,2호선,C1,2024-01-27,,사당,서울,,,Y,사당,202301,202608,1238090.0,0.152
낙성대,2호선,C1,2024-01-27,,낙성대,서울,,,Y,낙성대(강감찬),202301,202608,820966.5,0.101
서울대입구,2호선,C1,2024-01-27,,서울대입구,서울,,,Y,서울대입구(관악구청),202301,202608,1381864.0,0.107
봉천,2호선,C1,2024-01-27,,봉천,서울,,,Y,봉천,202301,202608,712315.0,0.082
신림,2호선,C1,2024-01-27,,신림,서울,,,Y,신림,202301,202608,1648490.0,0.119
신대방,2호선,C1,2024-01-27,,신대방,서울,,,Y,신대방,202301,202608,754611.0,0.123
구로디지털단지,2호선,C1,2024-01-27,,구로디지털단지,서울,,,Y,구로디지털단지,202301,202608,1653348.0,0.1
대림,2호선,C1,2024-01-27,,대림,서울,,,Y,대림(구로구청),202301,202608,724279.5,0.09
신도림,2호선,C1,2024-01-27,,신도림,서울,,,Y,신도림,202301,202608,1478374.0,0.135
문래,2호선,C1,2024-01-27,,문래,서울,,,Y,문래,202301,202608,648750.0,0.095
영등포구청,2호선,C1,2024-01-27,,영등포구청,서울,,,Y,영등포구청,202301,202608,637157.5,0.115
당산,2호선,C1,2024-01-27,,당산,서울,,,Y,당산,202301,202608,535171.0,0.124
합정,2호선,C1,2024-01-27,,합정,서울,,,Y,합정,202301,202608,976012.0,0.088
홍대입구,2호선,C1,2024-01-27,,홍대입구,서울,,,Y,홍대입구,202301,202608,2196459.0,0.15
신촌,2호선,C1,2024-01-27,,신촌(2호선),서울,,,Y,신촌,202301,202608,1147155.5,0.152
이대,2호선,C1,2024-01-27,,이대,서울,,,Y,이대,202301,202608,491225.0,0.324
아현,2호선,C1,2024-01-27,,아현,서울,,,Y,아현,202301,202608,322335.0,0.129
충정로,2호선,C1,2024-01-27,,충정로,서울,,,Y,충정로(경기대입구),202301,202608,290565.5,0.129
용답,2호선,C1,2024-01-27,,용답,서울,,,Y,용답,202301,202608,88861.0,0.193
신답,2호선,C1,2024-01-27,,신답,서울,,,Y,신답,202301,202608,48086.5,0.121
신설동,2호선,C1,2024-01-27,,신설동,서울,,,Y,신설동,202301,202608,115180.0,0.141
도림천,2호선,C1,2024-01-27,,도림천,서울,,,Y,도림천,202301,202608,37311.5,0.088
양천구청,2호선,C1,2024-01-27,,양천구청,서울,,,Y,양천구청,202301,202608,200819.5,0.141
신정네거리,2호선,C1,2024-01-27,,신정네거리,서울,,,Y,신정네거리,202301,202608,300591.5,0.115
용두,2호선,C1,2024-01-27,,용두,서울,,,Y,용두(동대문구청),202301,202608,72178.5,0.089
지축,3호선,C1,2024-01-27,boundary_in;c1_outside_seoul,지축,경기,고양시,C1 적용은 공식 이용범위('3호선 전구간')에서 추정,Y,지축,202301,202608,211650.5,0.248
구파발,3호선,C1,2024-01-27,,구파발,서울,,,Y,구파발,202301,202608,648294.5,0.105
연신내,3호선,C1,2024-01-27,gtx,연신내,서울,,,Y,연신내,202301,202608,1046984.5,0.088
불광,3호선,C1,2024-01-27,,불광,서울,,,Y,불광,202301,202608,489081.5,0.097
녹번,3호선,C1,2024-01-27,,녹번,서울,,,Y,녹번,202301,202608,454166.5,0.146
홍제,3호선,C1,2024-01-27,,홍제,서울,,,Y,홍제,202301,202608,539101.5,0.153
무악재,3호선,C1,2024-01-27,,무악재,서울,,,Y,무악재,202301,202608,126416.0,0.16
독립문,3호선,C1,2024-01-27,,독립문,서울,,,Y,독립문,202301,202608,234213.0,0.139
경복궁,3호선,C1,2024-01-27,,경복궁,서울,,,Y,경복궁(정부서울청사),202301,202608,780461.0,0.358
안국,3호선,C1,2024-01-27,,안국,서울,,,Y,안국,202301,202608,798994.0,0.299
종로3가,3호선,C1,2024-01-27,,종로3가,서울,,,Y,종로3가,202301,202608,320747.0,0.141
을지로3가,3호선,C1,2024-01-27,,을지로3가,서울,,,Y,을지로3가,202301,202608,345064.5,0.132
충무로,3호선,C1,2024-01-27,,충무로,서울,,"개찰구 공용 — 노선별 값 무의미, 복합역 합산만 사용",Y,충무로,202301,202608,148.0,0.263
동대입구,3호선,C1,2024-01-27,,동대입구,서울,,,Y,동대입구,202301,202608,324501.0,0.368
약수,3호선,C1,2024-01-27,,약수,서울,,,Y,약수,202301,202608,382367.5,0.106
금호,3호선,C1,2024-01-27,,금호,서울,,,Y,금호,202301,202608,238857.0,0.124
옥수,3호선,C1,2024-01-27,,옥수,서울,,,Y,옥수,202301,202608,265670.5,0.113
압구정,3호선,C1,2024-01-27,,압구정,서울,,,Y,압구정,202301,202608,917120.0,0.111
신사,3호선,C1,2024-01-27,,신사,서울,,,Y,신사,202301,202608,810189.5,0.105
잠원,3호선,C1,2024-01-27,,잠원,서울,,,Y,잠원,202301,202608,155272.5,0.14
고속터미널,3호선,C1,2024-01-27,,고속터미널,서울,,,Y,고속터미널,202301,202608,1531778.5,0.097
교대,3호선,C1,2024-01-27,,교대,서울,,,Y,교대(법원.검찰청),202301,202608,475410.0,0.123
남부터미널,3호선,C1,2024-01-27,,남부터미널,서울,,,Y,남부터미널(예술의전당),202301,202608,881883.5,0.098
양재,3호선,C1,2024-01-27,,양재,서울,,,Y,양재(서초구청),202301,202608,1052777.0,0.143
매봉,3호선,C1,2024-01-27,,매봉,서울,,,Y,매봉,202301,202608,357207.0,0.12
도곡,3호선,C1,2024-01-27,,도곡,서울,,,Y,도곡,202301,202608,164427.5,0.132
대치,3호선,C1,2024-01-27,,대치,서울,,,Y,대치,202301,202608,366400.0,0.069
학여울,3호선,C1,2024-01-27,,학여울,서울,,,Y,학여울,202301,202608,73177.0,0.245
대청,3호선,C1,2024-01-27,,대청,서울,,,Y,대청,202301,202608,307958.0,0.12
일원,3호선,C1,2024-01-27,,일원,서울,,,Y,일원,202301,202608,316743.5,0.126
수서,3호선,C1,2024-01-27,gtx,수서,서울,,,Y,수서,202301,202608,558402.5,0.117
가락시장,3호선,C1,2024-01-27,,가락시장,서울,,,Y,가락시장,202301,202608,267200.0,0.143
경찰병원,3호선,C1,2024-01-27,,경찰병원,서울,,,Y,경찰병원,202301,202608,213501.5,0.118
오금,3호선,C1,2024-01-27,,오금,서울,,,Y,오금,202301,202608,188687.5,0.146
불암산,4호선,C1,2024-01-27,boundary_in,불암산,서울,,,Y,당고개|불암산,202301,202608,288319.0,0.112
상계,4호선,C1,2024-01-27,,상계,서울,,,Y,상계,202301,202608,577309.0,0.129
노원,4호선,C1,2024-01-27,,노원,서울,,,Y,노원,202301,202608,626585.5,0.1
창동,4호선,C1,2024-01-27,,창동,서울,,,Y,창동,202301,202608,774858.5,0.102
쌍문,4호선,C1,2024-01-27,,쌍문,서울,,,Y,쌍문,202301,202608,862086.0,0.124
수유,4호선,C1,2024-01-27,,수유,서울,,,Y,수유(강북구청),202301,202608,1018849.5,0.122
미아,4호선,C1,2024-01-27,,미아,서울,,,Y,미아(서울사이버대학),202301,202608,462761.0,0.142
미아사거리,4호선,C1,2024-01-27,,미아사거리,서울,,,Y,미아사거리,202301,202608,788423.0,0.104
길음,4호선,C1,2024-01-27,,길음,서울,,,Y,길음,202301,202608,631673.5,0.184
성신여대입구,4호선,C1,2024-01-27,,성신여대입구,서울,,,Y,성신여대입구(돈암),202301,202608,655939.5,0.182
한성대입구,4호선,C1,2024-01-27,,한성대입구,서울,,,Y,한성대입구(삼선교),202301,202608,431128.5,0.212
혜화,4호선,C1,2024-01-27,,혜화,서울,,,Y,혜화,202301,202608,1114506.5,0.166
동대문,4호선,C1,2024-01-27,,동대문,서울,,,Y,동대문,202301,202608,579725.0,0.148
동대문역사문화공원,4호선,C1,2024-01-27,,동대문역사문화공원,서울,,,Y,동대문역사문화공원(DDP),202301,202608,589728.5,0.179
충무로,4호선,C1,2024-01-27,,충무로,서울,,,Y,충무로,202301,202608,872445.0,0.263
명동,4호선,C1,2024-01-27,,명동,서울,,,Y,명동,202301,202608,1053958.5,0.444
회현,4호선,C1,2024-01-27,,회현,서울,,,Y,회현(남대문시장),202301,202608,808332.0,0.236
서울역,4호선,C1,2024-01-27,gtx,서울역,서울,,,Y,서울역,202301,202608,362203.5,0.148
숙대입구,4호선,C1,2024-01-27,,숙대입구,서울,,,Y,숙대입구(갈월)|숙대입구(서울시교육청),202301,202608,443050.5,0.236
삼각지,4호선,C1,2024-01-27,,삼각지,서울,,,Y,삼각지|삼각지(전쟁기념관),202301,202608,192873.5,0.15
신용산,4호선,C1,2024-01-27,,신용산,서울,,,Y,신용산,202301,202608,582414.5,0.112
이촌,4호선,C1,2024-01-27,,이촌,서울,,,Y,이촌(국립중앙박물관),202301,202608,292111.5,0.152
동작,4호선,C1,2024-01-27,,동작,서울,,,Y,동작(현충원),202301,202608,51804.5,0.493
총신대입구,4호선,C1,2024-01-27,,이수,서울,,,Y,총신대입구(이수),202301,202608,568092.0,0.12
사당,4호선,C1,2024-01-27,,사당,서울,,,Y,사당,202301,202608,787966.0,0.152
남태령,4호선,C1,2024-01-27,boundary_in,남태령,서울,,,Y,남태령,202301,202608,41912.0,0.109
방화,5호선,C1,2024-01-27,,방화,서울,,,Y,방화,202301,202608,204836.5,0.085
개화산,5호선,C1,2024-01-27,,개화산,서울,,,Y,개화산,202301,202608,174048.5,0.096
김포공항,5호선,C1,2024-01-27,boundary_in;mixed_cohort,김포공항,서울,,,Y,김포공항,202301,202608,357023.5,0.098
송정,5호선,C1,2024-01-27,,송정,서울,,,Y,송정,202301,202608,189351.0,0.073
마곡,5호선,C1,2024-01-27,,마곡,서울,,,Y,마곡,202301,202608,346794.0,0.107
발산,5호선,C1,2024-01-27,,발산,서울,,,Y,발산,202301,202608,659921.5,0.129
우장산,5호선,C1,2024-01-27,,우장산,서울,,,Y,우장산,202301,202608,432332.5,0.107
화곡,5호선,C1,2024-01-27,,화곡,서울,,,Y,화곡,202301,202608,842234.5,0.1
까치산,5호선,C1,2024-01-27,,까치산,서울,,,Y,까치산,202301,202608,827322.0,0.092
신정,5호선,C1,2024-01-27,,신정,서울,,,Y,신정(은행정),202301,202608,394300.5,0.099
목동,5호선,C1,2024-01-27,,목동,서울,,,Y,목동,202301,202608,483503.5,0.1
오목교,5호선,C1,2024-01-27,,오목교,서울,,,Y,오목교(목동운동장앞),202301,202608,628629.0,0.073
양평,5호선,C1,2024-01-27,,양평(5호선),서울,,,Y,양평,202301,202608,221545.0,0.085
영등포구청,5호선,C1,2024-01-27,,영등포구청,서울,,,Y,영등포구청,202301,202608,133321.5,0.115
영등포시장,5호선,C1,2024-01-27,,영등포시장,서울,,,Y,영등포시장,202301,202608,340338.0,0.121
신길,5호선,C1,2024-01-27,,신길,서울,,,Y,신길,202301,202608,142459.0,0.127
여의도,5호선,C1,2024-01-27,,여의도,서울,,,Y,여의도,202301,202608,809068.0,0.169
여의나루,5호선,C1,2024-01-27,,여의나루,서울,,,Y,여의나루,202301,202608,411563.5,0.455
마포,5호선,C1,2024-01-27,,마포,서울,,,Y,마포,202301,202608,422644.5,0.132
공덕,5호선,C1,2024-01-27,,공덕,서울,,,Y,공덕,202301,202608,410028.0,0.121
애오개,5호선,C1,2024-01-27,,애오개,서울,,,Y,애오개,202301,202608,193683.0,0.111
충정로,5호선,C1,2024-01-27,,충정로,서울,,,Y,충정로(경기대입구),202301,202608,132185.0,0.129
서대문,5호선,C1,2024-01-27,,서대문,서울,,,Y,서대문,202301,202608,545827.0,0.166
광화문,5호선,C1,2024-01-27,,광화문,서울,,,Y,광화문(세종문화회관),202301,202608,953826.5,0.183
종로3가,5호선,C1,2024-01-27,,종로3가,서울,,,Y,종로3가,202301,202608,461521.5,0.141
을지로4가,5호선,C1,2024-01-27,,을지로4가,서울,,,Y,을지로4가,202301,202608,187127.0,0.137
동대문역사문화공원,5호선,C1,2024-01-27,,동대문역사문화공원,서울,,,Y,동대문역사문화공원(DDP),202301,202608,88416.0,0.179
청구,5호선,C1,2024-01-27,,청구,서울,,,Y,청구,202301,202608,108437.0,0.113
신금호,5호선,C1,2024-01-27,,신금호,서울,,,Y,신금호,202301,202608,185916.0,0.119
행당,5호선,C1,2024-01-27,,행당,서울,,,Y,행당,202301,202608,237823.5,0.101
왕십리,5호선,C1,2024-01-27,,왕십리,서울,,,Y,왕십리(성동구청),202301,202608,136717.5,0.136
마장,5호선,C1,2024-01-27,,마장,서울,,,Y,마장,202301,202608,173338.0,0.159
답십리,5호선,C1,2024-01-27,,답십리,서울,,,Y,답십리,202301,202608,467419.5,0.075
장한평,5호선,C1,2024-01-27,,장한평,서울,,,Y,장한평,202301,202608,557986.0,0.108
군자,5호선,C1,2024-01-27,,군자,서울,,,Y,군자(능동),202301,202608,348314.0,0.108
아차산,5호선,C1,2024-01-27,,아차산,서울,,,Y,아차산(어린이대공원후문),202301,202608,446220.5,0.193
광나루,5호선,C1,2024-01-27,,광나루,서울,,,Y,광나루(장신대),202301,202608,363836.0,0.136
천호,5호선,C1,2024-01-27,,천호,서울,,,Y,천호(풍납토성),202301,202608,594384.0,0.089
강동,5호선,C1,2024-01-27,,강동,서울,,,Y,강동,202301,202608,535476.0,0.089
길동,5호선,C1,2024-01-27,,길동,서울,,,Y,길동,202301,202608,251763.0,0.079
굽은다리,5호선,C1,2024-01-27,,굽은다리,서울,,,Y,굽은다리(강동구민회관앞),202301,202608,291719.5,0.096
명일,5호선,C1,2024-01-27,,명일,서울,,,Y,명일,202301,202608,253834.0,0.113
고덕,5호선,C1,2024-01-27,,고덕,서울,,,Y,고덕,202301,202608,304463.5,0.109
상일동,5호선,C1,2024-01-27,,상일동,서울,,,Y,상일동,202301,202608,424528.5,0.08
둔촌동,5호선,C1,2024-01-27,,둔촌동,서울,,,Y,둔촌동,202301,202608,277016.5,0.144
올림픽공원,5호선,C1,2024-01-27,,올림픽공원,서울,,,Y,올림픽공원(한국체대),202301,202608,165604.0,0.289
방이,5호선,C1,2024-01-27,,방이,서울,,,Y,방이,202301,202608,221037.5,0.093
오금,5호선,C1,2024-01-27,,오금,서울,,,Y,오금,202301,202608,106646.0,0.146
개롱,5호선,C1,2024-01-27,,개롱,서울,,,Y,개롱,202301,202608,191351.0,0.102
거여,5호선,C1,2024-01-27,,거여,서울,,,Y,거여,202301,202608,295809.5,0.107
마천,5호선,C1,2024-01-27,,마천,서울,,,Y,마천,202301,202608,218512.5,0.131
강일,5호선,C1,2024-01-27,boundary_in,강일,서울,,,Y,강일,202301,202608,172107.0,0.199
미사,5호선,C6,2025-08-09,boundary_out,미사,경기,하남시,C1~C6 기간 하차만 허용(부분 처리) — 승차 기준으로만 분석,Y,미사,202301,202608,519388.5,0.094
하남풍산,5호선,C6,2025-08-09,boundary_out,하남풍산,경기,하남시,C1~C6 기간 하차만 허용(부분 처리) — 승차 기준으로만 분석,Y,하남풍산,202301,202608,133606.0,0.104
하남시청,5호선,C6,2025-08-09,,하남시청,경기,하남시,C1~C6 기간 하차만 허용(부분 처리) — 승차 기준으로만 분석,Y,하남시청(덕풍·신장),202301,202608,248814.0,0.125
하남검단산,5호선,C6,2025-08-09,,하남검단산,경기,하남시,C1~C6 기간 하차만 허용(부분 처리) — 승차 기준으로만 분석,Y,하남검단산,202301,202608,199606.5,0.118
응암,6호선,C1,2024-01-27,,응암,서울,,,Y,응암,202301,202608,522395.0,0.111
역촌,6호선,C1,2024-01-27,,역촌,서울,,,Y,역촌,202301,202608,113504.5,0.057
불광,6호선,C1,2024-01-27,,불광,서울,,,Y,불광,202301,202608,143725.0,0.097
독바위,6호선,C1,2024-01-27,,독바위,서울,,,Y,독바위,202301,202608,80189.0,0.084
연신내,6호선,C1,2024-01-27,gtx,연신내,서울,,"개찰구 공용 — 노선별 값 무의미, 복합역 합산만 사용",Y,연신내,202301,202608,69.0,0.088
구산,6호선,C1,2024-01-27,,구산,서울,,,Y,구산,202301,202608,239302.5,0.113
새절,6호선,C1,2024-01-27,,새절,서울,,,Y,새절(신사),202301,202608,377132.5,0.138
증산,6호선,C1,2024-01-27,,증산,서울,,,Y,증산(명지대앞),202301,202608,284837.5,0.116
디지털미디어시티,6호선,C1,2024-01-27,,디지털미디어시티,서울,,,Y,디지털미디어시티,202301,202608,419840.0,0.12
월드컵경기장,6호선,C1,2024-01-27,,월드컵경기장,서울,,,Y,월드컵경기장(성산),202301,202608,174309.0,0.672
마포구청,6호선,C1,2024-01-27,,마포구청,서울,,,Y,마포구청,202301,202608,430404.0,0.102
망원,6호선,C1,2024-01-27,,망원,서울,,,Y,망원,202301,202608,474882.5,0.078
합정,6호선,C1,2024-01-27,,합정,서울,,,Y,합정,202301,202608,415853.0,0.088
상수,6호선,C1,2024-01-27,,상수,서울,,,Y,상수,202301,202608,314554.0,0.157
광흥창,6호선,C1,2024-01-27,,광흥창,서울,,,Y,광흥창(서강),202301,202608,274057.0,0.081
대흥,6호선,C1,2024-01-27,,대흥,서울,,,Y,대흥(서강대앞),202301,202608,275053.5,0.215
공덕,6호선,C1,2024-01-27,,공덕,서울,,,Y,공덕,202301,202608,542714.0,0.121
효창공원앞,6호선,C1,2024-01-27,,효창공원앞,서울,,,Y,효창공원앞,202301,202608,221805.5,0.164
삼각지,6호선,C1,2024-01-27,,삼각지,서울,,,Y,삼각지|삼각지(전쟁기념관),202301,202608,234618.5,0.15
녹사평,6호선,C1,2024-01-27,,녹사평,서울,,,Y,녹사평(용산구청),202301,202608,159653.0,0.243
이태원,6호선,C1,2024-01-27,,이태원,서울,,,Y,이태원,202301,202608,364718.0,0.454
한강진,6호선,C1,2024-01-27,,한강진,서울,,,Y,한강진,202301,202608,297218.0,0.254
버티고개,6호선,C1,2024-01-27,,버티고개,서울,,,Y,버티고개,202301,202608,65056.5,0.142
약수,6호선,C1,2024-01-27,,약수,서울,,,Y,약수,202301,202608,110625.5,0.106
청구,6호선,C1,2024-01-27,,청구,서울,,,Y,청구,202301,202608,112549.5,0.113
신당,6호선,C1,2024-01-27,,신당,서울,,,Y,신당,202301,202608,253832.0,0.111
동묘앞,6호선,C1,2024-01-27,,동묘앞,서울,,,Y,동묘앞,202301,202608,266568.5,0.184
창신,6호선,C1,2024-01-27,,창신,서울,,,Y,창신,202301,202608,104192.5,0.153
보문,6호선,C1,2024-01-27,,보문,서울,,,Y,보문,202301,202608,235173.0,0.141
안암,6호선,C1,2024-01-27,,안암,서울,,,Y,안암(고대병원앞),202301,202608,380690.0,0.379
고려대,6호선,C1,2024-01-27,,고려대,서울,,,Y,고려대(종암),202301,202608,263755.5,0.264
월곡,6호선,C1,2024-01-27,,월곡,서울,,,Y,월곡(동덕여대),202301,202608,347257.0,0.195
상월곡,6호선,C1,2024-01-27,,상월곡,서울,,,Y,상월곡(한국과학기술연구원),202301,202608,192462.0,0.174
돌곶이,6호선,C1,2024-01-27,,돌곶이,서울,,,Y,돌곶이,202301,202608,305738.0,0.149
석계,6호선,C1,2024-01-27,,석계,서울,,,Y,석계,202301,202608,363599.0,0.139
태릉입구,6호선,C1,2024-01-27,,태릉입구,서울,,,Y,태릉입구,202301,202608,171563.5,0.265
화랑대,6호선,C1,2024-01-27,,화랑대,서울,,,Y,화랑대(서울여대입구),202301,202608,347473.5,0.237
봉화산,6호선,C1,2024-01-27,,봉화산,서울,,,Y,봉화산(서울의료원),202301,202608,253832.5,0.116
신내,6호선,C1,2024-01-27,boundary_in,신내,서울,,"개찰구 공용 — 노선별 값 무의미, 복합역 합산만 사용",Y,신내,202301,202608,13.5,0.149
장암,7호선,C1,2024-01-27,c1_outside_seoul,장암,경기,의정부시,C1 적용은 공식 이용범위('7호선 온수~장암')에서 추정,Y,장암,202301,202608,79699.5,0.125
도봉산,7호선,C1,2024-01-27,boundary_in,도봉산,서울,,,Y,도봉산,202301,202608,264838.0,0.196
수락산,7호선,C1,2024-01-27,,수락산,서울,,,Y,수락산,202301,202608,376190.5,0.095
마들,7호선,C1,2024-01-27,,마들,서울,,,Y,마들,202301,202608,386461.0,0.102
노원,7호선,C1,2024-01-27,,노원,서울,,,Y,노원,202301,202608,608592.0,0.1
중계,7호선,C1,2024-01-27,,중계,서울,,,Y,중계,202301,202608,433213.0,0.147
하계,7호선,C1,2024-01-27,,하계,서울,,,Y,하계,202301,202608,532626.5,0.129
공릉,7호선,C1,2024-01-27,,공릉,서울,,,Y,공릉(서울과학기술대),202301,202608,360624.0,0.187
태릉입구,7호선,C1,2024-01-27,,태릉입구,서울,,,Y,태릉입구,202301,202608,264604.0,0.265
먹골,7호선,C1,2024-01-27,,먹골,서울,,,Y,먹골,202301,202608,301209.5,0.091
중화,7호선,C1,2024-01-27,,중화,서울,,,Y,중화,202301,202608,315018.5,0.114
상봉,7호선,C1,2024-01-27,,상봉,서울,,,Y,상봉|상봉(시외버스터미널),202301,202608,516258.5,0.1
면목,7호선,C1,2024-01-27,,면목,서울,,,Y,면목,202301,202608,444565.5,0.158
사가정,7호선,C1,2024-01-27,,사가정,서울,,,Y,사가정,202301,202608,476822.0,0.118
용마산,7호선,C1,2024-01-27,,용마산,서울,,,Y,용마산(용마폭포공원),202301,202608,171795.0,0.101
중곡,7호선,C1,2024-01-27,,중곡,서울,,,Y,중곡,202301,202608,321681.0,0.105
군자,7호선,C1,2024-01-27,,군자,서울,,,Y,군자(능동),202301,202608,450589.0,0.108
어린이대공원,7호선,C1,2024-01-27,,어린이대공원,서울,,,Y,어린이대공원(세종대),202301,202608,483589.0,0.351
건대입구,7호선,C1,2024-01-27,,건대입구,서울,,,Y,건대입구,202301,202608,415747.5,0.131
자양,7호선,C1,2024-01-27,,자양,서울,,,Y,뚝섬유원지|자양(뚝섬한강공원),202301,202608,299287.5,0.585
청담,7호선,C1,2024-01-27,,청담,서울,,,Y,청담,202301,202608,532381.5,0.103
강남구청,7호선,C1,2024-01-27,,강남구청,서울,,,Y,강남구청,202301,202608,460488.5,0.115
학동,7호선,C1,2024-01-27,,학동,서울,,,Y,학동,202301,202608,640545.0,0.105
논현,7호선,C1,2024-01-27,,논현,서울,,,Y,논현,202301,202608,517475.5,0.112
반포,7호선,C1,2024-01-27,,반포,서울,,,Y,반포,202301,202608,191938.0,0.128
고속터미널,7호선,C1,2024-01-27,,고속터미널,서울,,,Y,고속터미널,202301,202608,541111.0,0.097
내방,7호선,C1,2024-01-27,,내방,서울,,,Y,내방,202301,202608,421579.5,0.116
이수,7호선,C1,2024-01-27,,이수,서울,,,Y,이수,202301,202608,484709.5,0.12
남성,7호선,C1,2024-01-27,,남성,서울,,,Y,남성,202301,202608,335288.0,0.118
숭실대입구,7호선,C1,2024-01-27,,숭실대입구,서울,,,Y,숭실대입구(살피재),202301,202608,406825.0,0.348
상도,7호선,C1,2024-01-27,,상도,서울,,,Y,상도,202301,202608,350911.0,0.226
장승배기,7호선,C1,2024-01-27,,장승배기,서울,,,Y,장승배기,202301,202608,273995.5,0.084
신대방삼거리,7호선,C1,2024-01-27,,신대방삼거리,서울,,,Y,신대방삼거리,202301,202608,438893.0,0.16
보라매,7호선,C1,2024-01-27,,보라매,서울,,,Y,보라매,202301,202608,199769.5,0.127
신풍,7호선,C1,2024-01-27,,신풍,서울,,,Y,신풍,202301,202608,336539.0,0.097
대림,7호선,C1,2024-01-27,,대림,서울,,,Y,대림(구로구청),202301,202608,277658.5,0.09
남구로,7호선,C1,2024-01-27,,남구로,서울,,,Y,남구로,202301,202608,423706.0,0.077
가산디지털단지,7호선,C1,2024-01-27,,가산디지털단지,서울,,,Y,가산디지털단지,202301,202608,1158520.0,0.113
철산,7호선,C1,2024-01-27,c1_outside_seoul,철산,경기,광명시,C1 적용은 공식 이용범위('7호선 온수~장암')에서 추정,Y,철산,202301,202608,630512.5,0.126
광명사거리,7호선,C1,2024-01-27,c1_outside_seoul,광명사거리,경기,광명시,C1 적용은 공식 이용범위('7호선 온수~장암')에서 추정,Y,광명사거리,202301,202608,615122.5,0.091
천왕,7호선,C1,2024-01-27,,천왕,서울,,,Y,천왕,202301,202608,334138.5,0.139
온수,7호선,C1,2024-01-27,boundary_in,온수,서울,,,Y,온수(성공회대입구),202301,202608,286324.0,0.182
암사,8호선,C1,2024-01-27,line_opening,암사,서울,,,Y,암사,202301,202608,499169.5,0.107
천호,8호선,C1,2024-01-27,,천호,서울,,,Y,천호(풍납토성),202301,202608,474305.0,0.089
강동구청,8호선,C1,2024-01-27,,강동구청,서울,,,Y,강동구청,202301,202608,307816.5,0.122
몽촌토성,8호선,C1,2024-01-27,,몽촌토성,서울,,,Y,몽촌토성(평화의문),202301,202608,207381.0,0.201
잠실,8호선,C1,2024-01-27,,잠실,서울,,,Y,잠실(송파구청),202301,202608,543602.5,0.182
석촌,8호선,C1,2024-01-27,,석촌,서울,,,Y,석촌,202301,202608,245622.0,0.106
송파,8호선,C1,2024-01-27,,송파,서울,,,Y,송파,202301,202608,279064.0,0.125
가락시장,8호선,C1,2024-01-27,,가락시장,서울,,,Y,가락시장,202301,202608,235611.5,0.143
문정,8호선,C1,2024-01-27,,문정,서울,,,Y,문정,202301,202608,605150.0,0.093
장지,8호선,C1,2024-01-27,,장지,서울,,,Y,장지,202301,202608,509210.0,0.116
복정,8호선,C1,2024-01-27,boundary_in,복정,서울,,,Y,복정,202301,202608,277658.0,0.164
산성,8호선,C1,2024-01-27,c1_outside_seoul,산성,경기,성남시,,Y,산성,202301,202608,176974.5,0.136
남한산성입구,8호선,C1,2024-01-27,c1_outside_seoul,남한산성입구,경기,성남시,,Y,남한산성입구(성남법원.검찰청),202301,202608,393479.5,0.185
단대오거리,8호선,C1,2024-01-27,c1_outside_seoul,단대오거리,경기,성남시,,Y,단대오거리,202301,202608,353279.5,0.14
신흥,8호선,C1,2024-01-27,c1_outside_seoul,신흥,경기,성남시,,Y,신흥,202301,202608,156151.0,0.236
수진,8호선,C1,2024-01-27,c1_outside_seoul,수진,경기,성남시,,Y,수진,202301,202608,163698.0,0.076
모란,8호선,C1,2024-01-27,c1_outside_seoul;mixed_cohort,모란,경기,성남시,,Y,모란,202301,202608,155184.5,0.115
남위례,8호선,C1,2024-01-27,c1_outside_seoul,남위례,경기,성남시,,Y,남위례,202301,202608,211273.0,0.226
개화,9호선,C1,2024-01-27,,개화,서울,,,Y,개화,202301,202608,77456.0,0.108
김포공항,9호선,C1,2024-01-27,boundary_in;mixed_cohort,김포공항,서울,,,Y,김포공항,202301,202608,203305.0,0.098
공항시장,9호선,C1,2024-01-27,,공항시장,서울,,,Y,공항시장,202301,202608,87349.5,0.056
신방화,9호선,C1,2024-01-27,,신방화,서울,,,Y,신방화,202301,202608,202812.5,0.089
마곡나루,9호선,C1,2024-01-27,,마곡나루,서울,,,Y,마곡나루(서울식물원),202301,202608,407599.0,0.163
양천향교,9호선,C1,2024-01-27,,양천향교,서울,,,Y,양천향교,202301,202608,295881.0,0.092
가양,9호선,C1,2024-01-27,,가양,서울,,,Y,가양,202301,202608,644362.5,0.115
증미,9호선,C1,2024-01-27,,증미,서울,,,Y,증미,202301,202608,220330.5,0.081
등촌,9호선,C1,2024-01-27,,등촌,서울,,,Y,등촌,202301,202608,355385.5,0.083
염창,9호선,C1,2024-01-27,,염창,서울,,,Y,염창,202301,202608,523640.0,0.112
신목동,9호선,C1,2024-01-27,,신목동,서울,,,Y,신목동,202301,202608,128675.5,0.135
선유도,9호선,C1,2024-01-27,,선유도,서울,,,Y,선유도,202301,202608,252577.0,0.083
당산,9호선,C1,2024-01-27,,당산,서울,,,Y,당산,202301,202608,565951.5,0.124
국회의사당,9호선,C1,2024-01-27,,국회의사당,서울,,,Y,국회의사당,202301,202608,469187.5,0.161
여의도,9호선,C1,2024-01-27,,여의도,서울,,,Y,여의도,202301,202608,841039.5,0.169
샛강,9호선,C1,2024-01-27,,샛강,서울,,,Y,샛강,202301,202608,185454.5,0.359
노량진,9호선,C1,2024-01-27,,노량진,서울,,,Y,노량진,202301,202608,784909.0,0.15
노들,9호선,C1,2024-01-27,,노들,서울,,,Y,노들,202301,202608,147614.5,0.158
흑석,9호선,C1,2024-01-27,,흑석,서울,,,Y,흑석(중앙대입구),202301,202608,278431.0,0.305
동작,9호선,C1,2024-01-27,,동작,서울,,,Y,동작(현충원),202301,202608,60507.0,0.493
구반포,9호선,C1,2024-01-27,,구반포,서울,,,Y,구반포,202301,202608,40041.5,0.149
신반포,9호선,C1,2024-01-27,,신반포,서울,,,Y,신반포,202301,202608,130407.0,0.101
고속터미널,9호선,C1,2024-01-27,,고속터미널,서울,,,Y,고속터미널,202301,202608,479537.5,0.097
사평,9호선,C1,2024-01-27,,사평,서울,,,Y,사평,202301,202608,118755.0,0.121
신논현,9호선,C1,2024-01-27,,신논현,서울,,,Y,신논현,202301,202608,925609.5,0.114
언주,9호선2~3단계,C1,2024-01-27,,언주,서울,,,Y,언주,202301,202608,324855.0,0.113
선정릉,9호선2~3단계,C1,2024-01-27,,선정릉,서울,,,Y,선정릉,202301,202608,280884.5,0.1
삼성중앙,9호선2~3단계,C1,2024-01-27,,삼성중앙,서울,,,Y,삼성중앙,202301,202608,218263.0,0.138
봉은사,9호선2~3단계,C1,2024-01-27,,봉은사,서울,,,Y,봉은사,202301,202608,650326.5,0.208
종합운동장,9호선2~3단계,C1,2024-01-27,,종합운동장,서울,,,Y,종합운동장,202301,202608,155364.5,0.355
삼전,9호선2~3단계,C1,2024-01-27,,삼전,서울,,,Y,삼전,202301,202608,236032.0,0.085
석촌고분,9호선2~3단계,C1,2024-01-27,,석촌고분,서울,,,Y,석촌고분,202301,202608,210255.0,0.111
석촌,9호선2~3단계,C1,2024-01-27,,석촌,서울,,,Y,석촌,202301,202608,283702.5,0.106
송파나루,9호선2~3단계,C1,2024-01-27,,송파나루,서울,,,Y,송파나루,202301,202608,170731.0,0.14
한성백제,9호선2~3단계,C1,2024-01-27,,한성백제,서울,,,Y,한성백제,202301,202608,94491.0,0.194
올림픽공원,9호선2~3단계,C1,2024-01-27,,올림픽공원,서울,,,Y,올림픽공원(한국체대),202301,202608,273660.5,0.289
둔촌오륜,9호선2~3단계,C1,2024-01-27,,둔촌오륜,서울,,,Y,둔촌오륜,202301,202608,40063.0,0.173
중앙보훈병원,9호선2~3단계,C1,2024-01-27,,중앙보훈병원,서울,,,Y,중앙보훈병원,202301,202608,343414.0,0.133
판교,경강선,C5,2025-05-03,,판교,경기,성남시,,Y,판교,202301,202608,171091.5,0.124
이매,경강선,C5,2025-05-03,boundary_in,이매,경기,성남시,,Y,이매,202301,202608,32429.5,0.107
삼동,경강선,NT,,boundary_out,삼동,경기,광주시,,Y,삼동,202301,202608,71208.0,0.098
경기광주,경강선,NT,,boundary_out,경기광주,경기,광주시,,Y,경기광주,202301,202608,236473.0,0.12
초월,경강선,NT,,,초월,경기,광주시,,Y,초월,202301,202608,104903.5,0.139
곤지암,경강선,NT,,,곤지암,경기,광주시,,Y,곤지암,202301,202608,70763.0,0.28
신둔도예촌,경강선,NT,,,신둔도예촌,경기,이천시,,Y,신둔도예촌,202301,202608,45866.5,0.16
이천,경강선,NT,,,이천,경기,이천시,,Y,이천,202301,202608,90992.5,0.098
부발,경강선,NT,,,부발,경기,이천시,,Y,부발,202301,202608,71742.0,0.159
세종대왕릉,경강선,NT,,,세종대왕릉,경기,여주시,,Y,세종대왕릉,202301,202608,11003.0,0.173
여주,경강선,NT,,,여주,경기,여주시,,Y,여주,202301,202608,91060.5,0.237
서울역,경부선,C1,2024-01-27,gtx,서울역,서울,,,Y,서울역,202301,202608,310239.0,0.148
남영,경부선,C1,2024-01-27,,남영,서울,,,Y,남영,202301,202608,283376.5,0.143
용산,경부선,C1,2024-01-27,,용산,서울,,,Y,용산,202301,202608,1325831.0,0.093
노량진,경부선,C1,2024-01-27,,노량진,서울,,,Y,노량진,202301,202608,270922.5,0.15
대방,경부선,C1,2024-01-27,,대방,서울,,,Y,대방,202301,202608,301996.5,0.161
영등포,경부선,C1,2024-01-27,,영등포,서울,,,Y,영등포,202301,202608,1278716.0,0.13
신도림,경부선,C1,2024-01-27,,신도림,서울,,,Y,신도림,202301,202608,114665.5,0.135
신길,경부선,C1,2024-01-27,,신길,서울,,,Y,신길,202301,202608,255839.0,0.127
구로,경부선,C1,2024-01-27,,구로,서울,,,Y,구로,202301,202608,516236.5,0.122
가산디지털단지,경부선,C1,2024-01-27,,가산디지털단지,서울,,,Y,가산디지털단지,202301,202608,468716.5,0.113
금천구청,경부선,C1,2024-01-27,boundary_in,금천구청,서울,,,Y,금천구청,202301,202608,321540.5,0.149
석수,경부선,NT,,boundary_out,석수,경기,안양시,,Y,석수,202301,202608,252465.5,0.154
관악,경부선,NT,,boundary_out,관악,경기,안양시,,Y,관악,202301,202608,217976.5,0.159
안양,경부선,NT,,,안양,경기,안양시,,Y,안양,202301,202608,708482.0,0.248
명학,경부선,NT,,,명학,경기,안양시,,Y,명학,202301,202608,249706.5,0.204
금정,경부선,NT,,,금정,경기,군포시,,Y,금정,202301,202608,825438.5,0.138
군포,경부선,NT,,,군포,경기,군포시,,Y,군포,202301,202608,198090.0,0.129
의왕,경부선,NT,,,의왕,경기,의왕시,,Y,의왕,202301,202608,264394.0,0.187
성균관대,경부선,NT,,,성균관대,경기,수원시,,Y,성균관대,202301,202608,452073.5,0.203
화서,경부선,NT,,,화서,경기,수원시,,Y,화서,202301,202608,342105.0,0.186
수원,경부선,NT,,,수원,경기,수원시,,Y,수원,202301,202608,1212865.5,0.167
독산,경부선,C1,2024-01-27,,독산,서울,,,Y,독산,202301,202608,478122.0,0.116
세류,경부선,NT,,,세류,경기,수원시,,Y,세류,202301,202608,103838.5,0.168
병점,경부선,NT,,,병점,경기,화성시,,Y,병점,202301,202608,468582.5,0.239
세마,경부선,NT,,,세마,경기,오산시,,Y,세마,202301,202608,97681.5,0.136
오산대,경부선,NT,,,오산대,경기,오산시,,Y,오산대,202301,202608,118510.5,0.271
오산,경부선,NT,,,오산,경기,오산시,,Y,오산,202301,202608,323886.5,0.165
진위,경부선,NT,,,진위,경기,평택시,,Y,진위,202301,202608,49956.0,0.187
송탄,경부선,NT,,,송탄,경기,평택시,,Y,송탄,202301,202608,141443.5,0.152
서정리,경부선,NT,,,서정리,경기,평택시,,Y,서정리,202301,202608,260791.5,0.242
평택지제,경부선,NT,,,평택지제,경기,평택시,,Y,평택지제,202301,202608,136431.0,0.205
평택,경부선,NT,,,평택,경기,평택시,,Y,평택,202301,202608,426611.5,0.208
성환,경부선,NT,,outside_capital_region;leisure,성환,충남,천안시,,Y,성환,202301,202608,155947.0,0.58
직산,경부선,NT,,outside_capital_region,직산,충남,천안시,,Y,직산,202301,202608,30599.0,0.163
두정,경부선,NT,,outside_capital_region;leisure,두정,충남,천안시,,Y,두정,202301,202608,240712.0,0.382
천안,경부선,NT,,outside_capital_region,천안,충남,천안시,,Y,천안,202301,202608,227448.5,0.318
당정,경부선,NT,,,당정,경기,군포시,,Y,당정,202301,202608,183945.5,0.217
서동탄,경부선,NT,,,서동탄,경기,화성시,,Y,서동탄,202301,202608,43404.5,0.111
광명,경부선,NT,,boundary_out,광명,경기,광명시,,Y,광명,202301,202608,116694.0,0.078
이촌,경원선,C1,2024-01-27,,이촌,서울,,,Y,이촌(국립중앙박물관),202301,202608,121707.5,0.152
서빙고,경원선,C1,2024-01-27,,서빙고,서울,,,Y,서빙고,202301,202608,70553.5,0.174
한남,경원선,C1,2024-01-27,,한남,서울,,,Y,한남,202301,202608,107533.0,0.073
옥수,경원선,C1,2024-01-27,,옥수,서울,,"개찰구 공용 — 노선별 값 무의미, 복합역 합산만 사용",Y,옥수,202301,202608,1805.5,0.113
응봉,경원선,C1,2024-01-27,,응봉,서울,,,Y,응봉,202301,202608,55839.0,0.143
왕십리,경원선,C1,2024-01-27,,왕십리,서울,,,Y,왕십리(성동구청),202301,202608,508731.5,0.136
청량리,경원선,C1,2024-01-27,,청량리,서울,,,Y,청량리(서울시립대입구),202301,202608,538971.5,0.087
외대앞,경원선,C1,2024-01-27,,외대앞,서울,,,Y,외대앞,202301,202608,306922.5,0.349
신이문,경원선,C1,2024-01-27,,신이문,서울,,,Y,신이문,202301,202608,247703.0,0.107
석계,경원선,C1,2024-01-27,,석계,서울,,,Y,석계,202301,202608,226974.0,0.139
광운대,경원선,C1,2024-01-27,,광운대,서울,,,Y,광운대,202301,202608,250159.0,0.279
월계,경원선,C1,2024-01-27,,월계,서울,,,Y,월계,202301,202608,210901.0,0.299
녹천,경원선,C1,2024-01-27,,녹천,서울,,,Y,녹천,202301,202608,131738.5,0.088
창동,경원선,C1,2024-01-27,,창동,서울,,"개찰구 공용 — 노선별 값 무의미, 복합역 합산만 사용",Y,창동,202301,202608,97.5,0.102
방학,경원선,C1,2024-01-27,,방학,서울,,,Y,방학,202301,202608,295043.5,0.103
도봉,경원선,C1,2024-01-27,,도봉,서울,,,Y,도봉,202301,202608,175290.0,0.089
도봉산,경원선,C1,2024-01-27,boundary_in,도봉산,서울,,,Y,도봉산,202301,202608,240663.0,0.196
망월사,경원선,NT,,boundary_out,망월사,경기,의정부시,,Y,망월사,202301,202608,249820.0,0.277
회룡,경원선,NT,,boundary_out,회룡,경기,의정부시,,Y,회룡,202301,202608,385436.0,0.116
의정부,경원선,NT,,,의정부,경기,의정부시,,Y,의정부,202301,202608,580452.0,0.111
가능,경원선,NT,,,가능,경기,의정부시,,Y,가능,202301,202608,190611.0,0.115
녹양,경원선,NT,,,녹양,경기,의정부시,,Y,녹양,202301,202608,131479.5,0.133
양주,경원선,NT,,,양주,경기,양주시,,Y,양주,202301,202608,222739.5,0.169
덕계,경원선,NT,,,덕계,경기,양주시,,Y,덕계,202301,202608,173293.5,0.178
덕정,경원선,NT,,,덕정,경기,양주시,,Y,덕정,202301,202608,185673.5,0.23
지행,경원선,NT,,,지행,경기,동두천시,,Y,지행,202301,202608,197865.5,0.16
동두천중앙,경원선,NT,,,동두천중앙,경기,동두천시,,Y,동두천중앙,202301,202608,90480.5,0.129
보산,경원선,NT,,,보산,경기,동두천시,,Y,보산,202301,202608,48604.5,0.142
동두천,경원선,NT,,,동두천,경기,동두천시,,Y,동두천,202301,202608,62761.0,0.22
소요산,경원선,NT,,line_opening;leisure,소요산,경기,동두천시,,Y,소요산,202301,202608,67729.0,0.685
신촌,경의선,C1,2024-01-27,,신촌(경의선),서울,,,Y,신촌,202301,202608,26852.0,0.207
효창공원앞,경의선,C1,2024-01-27,,효창공원앞,서울,,,Y,효창공원앞,202301,202608,93015.0,0.164
서강대,경의선,C1,2024-01-27,,서강대,서울,,,Y,서강대,202301,202608,68712.0,0.165
가좌,경의선,C1,2024-01-27,,가좌,서울,,,Y,가좌,202301,202608,173984.0,0.164
수색,경의선,C1,2024-01-27,boundary_in,수색,서울,,,Y,수색,202301,202608,91486.5,0.116
한국항공대,경의선,C4,2024-11-30,boundary_out,한국항공대,경기,고양시,,Y,한국항공대|화전,202301,202608,77847.5,0.588
강매,경의선,C4,2024-11-30,boundary_out,강매,경기,고양시,,Y,강매,202301,202608,94267.0,0.153
행신,경의선,C4,2024-11-30,,행신,경기,고양시,,Y,행신,202301,202608,232811.0,0.113
능곡,경의선,C4,2024-11-30,line_opening,능곡,경기,고양시,,Y,능곡,202301,202608,135854.0,0.118
곡산,경의선,C4,2024-11-30,,곡산,경기,고양시,서해선 직결(2023-08-26) 영향 — 사전기간 2023-09 이후 권장,Y,곡산,202301,202608,18313.5,0.2
백마,경의선,C4,2024-11-30,,백마,경기,고양시,서해선 직결(2023-08-26) 영향 — 사전기간 2023-09 이후 권장,Y,백마,202301,202608,213219.5,0.125
풍산,경의선,C4,2024-11-30,,풍산,경기,고양시,서해선 직결(2023-08-26) 영향 — 사전기간 2023-09 이후 권장,Y,풍산,202301,202608,183431.5,0.106
일산,경의선,C4,2024-11-30,,일산,경기,고양시,서해선 직결(2023-08-26) 영향 — 사전기간 2023-09 이후 권장,Y,일산,202301,202608,312811.5,0.126
탄현,경의선,C4,2024-11-30,boundary_in,탄현,경기,고양시,,Y,탄현,202301,202608,228136.0,0.116
야당,경의선,NT,,boundary_out,야당,경기,파주시,,Y,야당,202301,202608,243619.0,0.12
운정,경의선,NT,,boundary_out,운정,경기,파주시,,Y,운정,202301,202608,214134.0,0.142
금릉,경의선,NT,,,금릉,경기,파주시,,Y,금릉,202301,202608,154840.0,0.141
금촌,경의선,NT,,,금촌,경기,파주시,,Y,금촌,202301,202608,199130.5,0.114
월롱,경의선,NT,,,월롱,경기,파주시,,Y,월롱,202301,202608,62008.5,0.167
파주,경의선,NT,,,파주,경기,파주시,,Y,파주,202301,202608,40603.5,0.34
문산,경의선,NT,,,문산,경기,파주시,,Y,문산,202301,202608,167326.5,0.109
임진강,경의선,NT,,tiny;leisure,임진강,경기,파주시,,Y,임진강,202301,202608,893.5,1.535
운천,경의선,NT,,tiny,운천,경기,파주시,,Y,운천,202301,202608,177.0,
서울역,경의선,C1,2024-01-27,gtx,서울역,서울,,,Y,서울역,202301,202608,110683.0,0.148
공덕,경의선,C1,2024-01-27,,공덕,서울,,,Y,공덕,202301,202608,123771.5,0.121
홍대입구,경의선,C1,2024-01-27,,홍대입구,서울,,,Y,홍대입구,202301,202608,68551.5,0.15
디지털미디어시티,경의선,C1,2024-01-27,,디지털미디어시티,서울,,,Y,디지털미디어시티,202301,202608,81439.0,0.12
계양,경의선,NT,,data_artifact;boundary_out,계양,인천,계양구,해당 노선 미정차 역의 잔여 집계,Y,계양,202301,202608,4.0,0.168
검암,경의선,NT,,data_artifact;boundary_out,검암,인천,서구,해당 노선 미정차 역의 잔여 집계,Y,검암,202301,202608,2.0,0.103
개봉,경인선,C1,2024-01-27,,개봉,서울,,,Y,개봉,202301,202608,649040.0,0.129
오류동,경인선,C1,2024-01-27,,오류동,서울,,,Y,오류동,202301,202608,344407.5,0.111
역곡,경인선,NT,,boundary_out,역곡,경기,부천시,,Y,역곡,202301,202608,777309.5,0.166
부천,경인선,NT,,,부천,경기,부천시,,Y,부천,202301,202608,956756.0,0.117
송내,경인선,NT,,,송내,경기,부천시,,Y,송내,202301,202608,759503.5,0.124
부평,경인선,NT,,,부평,인천,부평구,,Y,부평,202301,202608,885105.0,0.095
백운,경인선,NT,,,백운,인천,부평구,,Y,백운,202301,202608,210602.0,0.105
동암,경인선,NT,,,동암,인천,부평구,,Y,동암,202301,202608,460280.0,0.109
주안,경인선,NT,,,주안,인천,미추홀구,,Y,주안,202301,202608,558621.0,0.155
제물포,경인선,NT,,,제물포,인천,미추홀구,,Y,제물포,202301,202608,312531.5,0.172
동인천,경인선,NT,,,동인천,인천,중구,,Y,동인천,202301,202608,415030.5,0.129
인천,경인선,NT,,,인천,인천,중구,,Y,인천,202301,202608,128173.5,0.317
구일,경인선,C1,2024-01-27,,구일,서울,,,Y,구일,202301,202608,247965.0,0.192
소사,경인선,NT,,boundary_out,소사,경기,부천시,,Y,소사,202301,202608,235963.0,0.198
부개,경인선,NT,,,부개,인천,부평구,,Y,부개,202301,202608,255114.0,0.097
간석,경인선,NT,,,간석,인천,남동구,,Y,간석,202301,202608,171559.5,0.108
도원,경인선,NT,,,도원,인천,,,Y,도원,202301,202608,100312.0,0.19
온수,경인선,C1,2024-01-27,boundary_in,온수,서울,,,Y,온수(성공회대입구),202301,202608,190027.0,0.182
중동,경인선,NT,,,중동,경기,부천시,,Y,중동,202301,202608,271184.5,0.119
도화,경인선,NT,,,도화,인천,미추홀구,,Y,도화,202301,202608,122654.5,0.122
신내,경춘선,C1,2024-01-27,boundary_in,신내,서울,,,Y,신내,202301,202608,79441.0,0.149
갈매,경춘선,NT,,boundary_out,갈매,경기,구리시,,Y,갈매,202301,202608,82259.0,0.124
별내,경춘선,NT,,boundary_out,별내,경기,남양주시,,Y,별내,202301,202608,81539.5,0.129
퇴계원,경춘선,NT,,,퇴계원,경기,남양주시,,Y,퇴계원,202301,202608,103532.5,0.135
사릉,경춘선,NT,,,사릉,경기,남양주시,,Y,사릉,202301,202608,63216.5,0.193
금곡,경춘선,NT,,,금곡,경기,남양주시,,Y,금곡,202301,202608,46929.5,0.156
평내호평,경춘선,NT,,,평내호평,경기,남양주시,,Y,평내호평,202301,202608,185465.5,0.149
천마산,경춘선,NT,,,천마산,경기,남양주시,,Y,천마산,202301,202608,47624.0,0.182
마석,경춘선,NT,,,마석,경기,남양주시,,Y,마석,202301,202608,119979.0,0.17
대성리,경춘선,NT,,leisure,대성리,경기,가평군,,Y,대성리,202301,202608,26666.5,0.963
청평,경춘선,NT,,,청평,경기,가평군,,Y,청평,202301,202608,58215.5,0.317
상천,경춘선,NT,,leisure,상천,경기,가평군,,Y,상천,202301,202608,9539.5,0.767
가평,경춘선,NT,,leisure,가평,경기,가평군,,Y,가평,202301,202608,66862.0,0.529
굴봉산,경춘선,NT,,leisure,굴봉산,경기,가평군,,Y,굴봉산,202301,202608,4475.5,0.686
백양리,경춘선,NT,,outside_capital_region;leisure,백양리,강원,춘천시,,Y,백양리,202301,202608,3645.5,1.248
강촌,경춘선,NT,,outside_capital_region;leisure,강촌,강원,춘천시,,Y,강촌,202301,202608,16321.5,0.526
김유정,경춘선,NT,,outside_capital_region;leisure,김유정,강원,춘천시,,Y,김유정,202301,202608,12882.0,0.513
남춘천,경춘선,NT,,outside_capital_region,남춘천,강원,춘천시,,Y,남춘천,202301,202608,95274.5,0.233
춘천,경춘선,NT,,outside_capital_region;leisure,춘천,강원,춘천시,,Y,춘천,202301,202608,57813.0,0.466
서울역,공항철도 1호선,C1,2024-01-27,gtx,서울역,서울,,,Y,서울역,202301,202608,429207.0,0.148
공덕,공항철도 1호선,C1,2024-01-27,,공덕,서울,,,Y,공덕,202301,202608,87138.5,0.121
홍대입구,공항철도 1호선,C1,2024-01-27,,홍대입구,서울,,,Y,홍대입구,202301,202608,472820.0,0.15
디지털미디어시티,공항철도 1호선,C1,2024-01-27,,디지털미디어시티,서울,,,Y,디지털미디어시티,202301,202608,396865.5,0.12
마곡나루,공항철도 1호선,C1,2024-01-27,,마곡나루,서울,,,Y,마곡나루(서울식물원),202301,202608,312523.0,0.163
김포공항,공항철도 1호선,C1,2024-01-27,boundary_in;mixed_cohort,김포공항,서울,,,Y,김포공항,202301,202608,302207.5,0.098
계양,공항철도 1호선,NT,,boundary_out,계양,인천,계양구,,Y,계양,202301,202608,364286.5,0.168
검암,공항철도 1호선,NT,,boundary_out,검암,인천,서구,,Y,검암,202301,202608,187482.0,0.103
청라국제도시,공항철도 1호선,NT,,,청라국제도시,인천,서구,,Y,청라국제도시,202301,202608,215385.5,0.095
운서,공항철도 1호선,NT,,,운서,인천,중구,,Y,운서,202301,202608,290949.5,0.129
공항화물청사,공항철도 1호선,NT,,,공항화물청사,인천,중구,,Y,공항화물청사,202301,202608,57837.5,0.061
인천공항1터미널,공항철도 1호선,NT,,alight_only;leisure,인천공항1터미널,인천,중구,,Y,인천공항1터미널,202301,202608,446824.5,0.626
인천공항2터미널,공항철도 1호선,NT,,alight_only,인천공항2터미널,인천,중구,,Y,인천공항2터미널,202301,202608,233872.0,0.29
영종,공항철도 1호선,NT,,,영종,인천,중구,,Y,영종,202301,202608,128083.5,0.118
선바위,과천선,C4,2024-11-30,boundary_out,선바위,경기,과천시,,Y,선바위,202301,202608,228049.0,0.17
경마공원,과천선,C4,2024-11-30,boundary_out,경마공원,경기,과천시,,Y,경마공원,202301,202608,174636.5,0.344
대공원,과천선,C4,2024-11-30,,대공원,경기,과천시,,Y,대공원,202301,202608,119521.0,0.986
과천,과천선,C4,2024-11-30,,과천,경기,과천시,,Y,과천,202301,202608,185412.5,0.097
정부과천청사,과천선,C4,2024-11-30,boundary_in,정부과천청사,경기,과천시,,Y,정부과천청사,202301,202608,344501.5,0.09
인덕원,과천선,NT,,boundary_out,인덕원,경기,안양시,,Y,인덕원,202301,202608,738113.5,0.148
평촌,과천선,NT,,boundary_out,평촌,경기,안양시,,Y,평촌,202301,202608,506045.5,0.14
범계,과천선,NT,,,범계,경기,안양시,,Y,범계,202301,202608,813897.0,0.111
선릉,분당선,C1,2024-01-27,,선릉,서울,,,Y,선릉,202301,202608,351533.0,0.1
한티,분당선,C1,2024-01-27,,한티,서울,,,Y,한티,202301,202608,466517.5,0.074
도곡,분당선,C1,2024-01-27,,도곡,서울,,,Y,도곡,202301,202608,219073.5,0.132
구룡,분당선,C1,2024-01-27,,구룡,서울,,,Y,구룡,202301,202608,97987.0,0.249
개포동,분당선,C1,2024-01-27,,개포동,서울,,,Y,개포동,202301,202608,132335.0,0.139
대모산입구,분당선,C1,2024-01-27,,대모산입구,서울,,,Y,대모산입구,202301,202608,169091.0,0.135
수서,분당선,C1,2024-01-27,gtx,수서,서울,,,Y,수서,202301,202608,491208.0,0.117
복정,분당선,C1,2024-01-27,boundary_in,복정,서울,,"개찰구 공용 — 노선별 값 무의미, 복합역 합산만 사용",Y,복정,202301,202608,67.5,0.164
수원,분당선,NT,,,수원,경기,수원시,,Y,수원,202301,202608,244636.5,0.167
서울숲,분당선,C1,2024-01-27,,서울숲,서울,,,Y,서울숲,202301,202608,373682.0,0.181
압구정로데오,분당선,C1,2024-01-27,,압구정로데오,서울,,,Y,압구정로데오,202301,202608,569563.5,0.122
강남구청,분당선,C1,2024-01-27,,강남구청,서울,,,Y,강남구청,202301,202608,266971.5,0.115
선정릉,분당선,C1,2024-01-27,,선정릉,서울,,,Y,선정릉,202301,202608,208577.0,0.1
가천대,분당선,C5,2025-05-03,boundary_out,가천대,경기,성남시,,Y,가천대,202301,202608,306216.5,0.566
태평,분당선,C5,2025-05-03,boundary_out,태평,경기,성남시,,Y,태평,202301,202608,393237.5,0.072
모란,분당선,C5,2025-05-03,c1_outside_seoul;mixed_cohort,모란,경기,성남시,,Y,모란,202301,202608,606093.5,0.115
야탑,분당선,C5,2025-05-03,boundary_out,야탑,경기,성남시,,Y,야탑,202301,202608,748727.0,0.103
서현,분당선,C5,2025-05-03,,서현,경기,성남시,,Y,서현,202301,202608,703486.0,0.089
수내,분당선,C5,2025-05-03,,수내,경기,성남시,,Y,수내,202301,202608,388358.0,0.091
정자,분당선,C5,2025-05-03,,정자,경기,성남시,,Y,정자,202301,202608,524041.5,0.102
미금,분당선,C5,2025-05-03,,미금,경기,성남시,,Y,미금,202301,202608,441196.0,0.083
오리,분당선,C5,2025-05-03,boundary_in,오리,경기,성남시,,Y,오리,202301,202608,325223.5,0.1
이매,분당선,C5,2025-05-03,boundary_in,이매,경기,성남시,,Y,이매,202301,202608,169739.0,0.107
보정,분당선,NT,,boundary_out,보정,경기,용인시,,Y,보정,202301,202608,74838.5,0.147
죽전,분당선,NT,,boundary_out,죽전,경기,용인시,,Y,죽전,202301,202608,404861.0,0.22
구성,분당선,NT,,gtx,구성,경기,용인시,,Y,구성,202301,202608,184489.0,0.141
신갈,분당선,NT,,,신갈,경기,용인시,,Y,신갈,202301,202608,137149.5,0.129
기흥,분당선,NT,,,기흥,경기,용인시,,Y,기흥,202301,202608,306462.5,0.183
상갈,분당선,NT,,,상갈,경기,용인시,,Y,상갈,202301,202608,156765.0,0.139
청명,분당선,NT,,,청명,경기,수원시,,Y,청명,202301,202608,134582.5,0.142
영통,분당선,NT,,,영통,경기,수원시,,Y,영통,202301,202608,267447.5,0.16
망포,분당선,NT,,,망포,경기,수원시,,Y,망포,202301,202608,441463.0,0.148
매탄권선,분당선,NT,,,매탄권선,경기,수원시,,Y,매탄권선,202301,202608,160111.5,0.151
수원시청,분당선,NT,,,수원시청,경기,수원시,,Y,수원시청,202301,202608,407096.0,0.126
매교,분당선,NT,,leisure,매교,경기,수원시,,Y,매교,202301,202608,150013.0,0.456
고색,수인선,NT,,,고색,경기,수원시,,Y,고색,202301,202608,154540.0,0.175
오목천,수인선,NT,,leisure,오목천,경기,수원시,,Y,오목천,202301,202608,131543.0,0.388
어천,수인선,NT,,,어천,경기,화성시,,Y,어천,202301,202608,42174.5,0.337
야목,수인선,NT,,,야목,경기,화성시,,Y,야목,202301,202608,12687.0,0.194
사리,수인선,NT,,,사리,경기,안산시,,Y,사리,202301,202608,150644.5,0.189
달월,수인선,NT,,tiny,달월,경기,시흥시,,Y,달월,202301,202608,2877.5,0.128
월곶,수인선,NT,,,월곶,경기,시흥시,,Y,월곶,202301,202608,88305.5,0.204
소래포구,수인선,NT,,leisure,소래포구,인천,남동구,,Y,소래포구,202301,202608,164926.0,0.462
인천논현,수인선,NT,,,인천논현,인천,남동구,,Y,인천논현,202301,202608,162136.5,0.131
호구포,수인선,NT,,,호구포,인천,남동구,,Y,호구포,202301,202608,113789.0,0.116
남동인더스파크,수인선,NT,,,남동인더스파크,인천,남동구,,Y,남동인더스파크,202301,202608,59033.5,0.106
원인재,수인선,NT,,,원인재,인천,연수구,,Y,원인재,202301,202608,133468.0,0.15
연수,수인선,NT,,,연수,인천,연수구,,Y,연수,202301,202608,143432.0,0.135
송도,수인선,NT,,,송도,인천,연수구,,Y,송도,202301,202608,76063.0,0.202
인하대,수인선,NT,,,인하대,인천,미추홀구,,Y,인하대,202301,202608,207086.5,0.301
숭의,수인선,NT,,,숭의,인천,미추홀구,,Y,숭의,202301,202608,124254.5,0.124
신포,수인선,NT,,,신포,인천,중구,,Y,신포,202301,202608,55460.5,0.199
인천,수인선,NT,,,인천,인천,중구,,Y,인천,202301,202608,35503.0,0.317
샛강,신림선,C1,2024-01-27,,샛강,서울,,,Y,샛강,202301,202608,79740.5,0.359
대방,신림선,C1,2024-01-27,,대방,서울,,,Y,대방,202301,202608,91164.5,0.161
서울지방병무청,신림선,C1,2024-01-27,line_opening,서울지방병무청,서울,,,Y,서울지방병무청,202301,202608,91718.0,2.201
보라매,신림선,C1,2024-01-27,,보라매,서울,,,Y,보라매,202301,202608,124596.0,0.127
보라매공원,신림선,C1,2024-01-27,line_opening,보라매공원,서울,,,Y,보라매공원,202301,202608,65870.0,1.954
보라매병원,신림선,C1,2024-01-27,line_opening,보라매병원,서울,,,Y,보라매병원,202301,202608,211049.0,2.342
당곡,신림선,C1,2024-01-27,line_opening,당곡,서울,,,Y,당곡,202301,202608,142263.5,2.292
신림,신림선,C1,2024-01-27,,신림,서울,,,Y,신림,202301,202608,61294.5,0.119
서원,신림선,C1,2024-01-27,line_opening,서원,서울,,,Y,서원,202301,202608,105271.0,2.259
서울대벤처타운,신림선,C1,2024-01-27,line_opening,서울대벤처타운,서울,,,Y,서울대벤처타운,202301,202608,288328.0,2.27
관악산,신림선,C1,2024-01-27,line_opening,관악산,서울,,,Y,관악산(서울대),202301,202608,103889.0,1.464
산본,안산선,NT,,,산본,경기,군포시,,Y,산본,202301,202608,486952.0,0.118
대야미,안산선,NT,,,대야미,경기,군포시,,Y,대야미,202301,202608,148892.5,0.15
반월,안산선,NT,,,반월,경기,안산시,,Y,반월,202301,202608,130332.0,0.138
상록수,안산선,NT,,,상록수,경기,안산시,,Y,상록수,202301,202608,454311.0,0.158
구리,중앙선,C4,2024-11-30,boundary_in,구리,경기,구리시,"적용일 미확인(2024-08-02 협약 때 미적용, 2024-11-21 보도엔 포함) — C4 가정",Y,구리,202301,202608,262508.5,0.112
도농,중앙선,NT,,boundary_out,도농,경기,남양주시,,Y,도농,202301,202608,296372.0,0.159
양정,중앙선,NT,,boundary_out,양정,경기,남양주시,,Y,양정,202301,202608,16662.5,0.293
덕소,중앙선,NT,,,덕소,경기,남양주시,,Y,덕소,202301,202608,161901.0,0.12
도심,중앙선,NT,,,도심,경기,남양주시,,Y,도심,202301,202608,73419.5,0.122
팔당,중앙선,NT,,leisure,팔당,경기,남양주시,,Y,팔당,202301,202608,27039.5,0.404
운길산,중앙선,NT,,leisure,운길산,경기,남양주시,,Y,운길산,202301,202608,23399.5,0.666
양수,중앙선,NT,,,양수,경기,양평군,,Y,양수,202301,202608,60386.5,0.334
신원,중앙선,NT,,leisure,신원,경기,양평군,,Y,신원,202301,202608,6376.0,0.577
국수,중앙선,NT,,,국수,경기,양평군,,Y,국수,202301,202608,22250.0,0.227
아신,중앙선,NT,,,아신,경기,양평군,,Y,아신,202301,202608,17389.5,0.28
오빈,중앙선,NT,,,오빈,경기,양평군,,Y,오빈,202301,202608,9323.0,0.201
양평,중앙선,NT,,,양평(중앙선),경기,양평군,,Y,양평,202301,202608,101682.0,0.189
원덕,중앙선,NT,,,원덕,경기,양평군,,Y,원덕,202301,202608,11442.5,0.325
용문,중앙선,NT,,leisure,용문,경기,양평군,,Y,용문,202301,202608,71962.0,0.48
지평,중앙선,NT,,tiny;leisure,지평,경기,양평군,,Y,지평,202301,202608,1867.5,0.423
김포공항,경의선,C1,2024-01-27,data_artifact;boundary_in;mixed_cohort,김포공항,서울,,해당 노선 미정차 역의 잔여 집계,Y,김포공항,202302,202608,1.0,0.098
까치울,7호선,NT,,data_artifact,까치울,경기,부천시,해당 노선 미정차 역의 잔여 집계,Y,까치울,202303,202608,1.0,
신중동,7호선,NT,,data_artifact,신중동,경기,부천시,해당 노선 미정차 역의 잔여 집계,Y,신중동,202303,202604,1.0,
부천시청,7호선,NT,,data_artifact,부천시청,경기,부천시,해당 노선 미정차 역의 잔여 집계,Y,부천시청,202303,202608,1.0,
상동,7호선,NT,,data_artifact,상동,경기,부천시,해당 노선 미정차 역의 잔여 집계,Y,상동,202303,202606,1.0,
굴포천,7호선,NT,,data_artifact,굴포천,인천,부평구,해당 노선 미정차 역의 잔여 집계,Y,굴포천,202303,202312,1.0,
삼산체육관,7호선,NT,,data_artifact,삼산체육관,인천,부평구,해당 노선 미정차 역의 잔여 집계,Y,삼산체육관,202304,202305,1.0,
춘의,7호선,NT,,data_artifact,춘의,경기,부천시,해당 노선 미정차 역의 잔여 집계,Y,춘의,202306,202403,1.0,
김포공항,서해선,C4,2024-11-30,boundary_in;mixed_cohort,김포공항,서울,,,Y,김포공항,202307,202608,93673.0,0.098
원종,서해선,NT,,boundary_out;new_station,원종,경기,부천시,,Y,원종,202307,202608,146038.0,
부천종합운동장,서해선,NT,,boundary_out;new_station,부천종합운동장,경기,부천시,,Y,부천종합운동장,202307,202608,80443.0,
청산,경원선,NT,,new_station,청산,경기,연천군,,Y,청산|초성리,202312,202608,4817.0,
전곡,경원선,NT,,new_station,전곡,경기,연천군,,Y,전곡,202312,202608,38672.0,
연천,경원선,NT,,new_station,연천,경기,연천군,,Y,연천,202312,202608,38344.0,
성남,경강선,C5,2025-05-03,gtx;new_station,성남,경기,성남시,,Y,성남,202403,202608,35194.5,
부평구청,7호선,NT,,data_artifact,부평구청,인천,부평구,해당 노선 미정차 역의 잔여 집계,Y,부평구청,202405,202406,1.5,
암사역사공원,8호선,C1,2024-01-27,new_station,암사역사공원,서울,,,Y,암사역사공원,202408,202608,194810.0,
양촌,김포골드라인,C2,2024-03-30,not_in_data,양촌,경기,김포시,C2 전체가 데이터 밖 — 김포시·운영사 자료 필요,N,,,,,
구래,김포골드라인,C2,2024-03-30,not_in_data,구래,경기,김포시,C2 전체가 데이터 밖 — 김포시·운영사 자료 필요,N,,,,,
마산,김포골드라인,C2,2024-03-30,not_in_data,마산,경기,김포시,C2 전체가 데이터 밖 — 김포시·운영사 자료 필요,N,,,,,
장기,김포골드라인,C2,2024-03-30,not_in_data,장기,경기,김포시,C2 전체가 데이터 밖 — 김포시·운영사 자료 필요,N,,,,,
운양,김포골드라인,C2,2024-03-30,not_in_data,운양,경기,김포시,C2 전체가 데이터 밖 — 김포시·운영사 자료 필요,N,,,,,
걸포북변,김포골드라인,C2,2024-03-30,not_in_data,걸포북변,경기,김포시,C2 전체가 데이터 밖 — 김포시·운영사 자료 필요,N,,,,,
사우,김포골드라인,C2,2024-03-30,not_in_data,사우,경기,김포시,C2 전체가 데이터 밖 — 김포시·운영사 자료 필요,N,,,,,
풍무,김포골드라인,C2,2024-03-30,not_in_data,풍무,경기,김포시,C2 전체가 데이터 밖 — 김포시·운영사 자료 필요,N,,,,,
고촌,김포골드라인,C2,2024-03-30,not_in_data,고촌,경기,김포시,C2 전체가 데이터 밖 — 김포시·운영사 자료 필요,N,,,,,
김포공항,김포골드라인,C2,2024-03-30,not_in_data,김포공항,서울,,,N,,,,,
별내별가람,4호선(진접선),C3,2024-08-10,not_in_data,별내별가람,경기,남양주시,C3 분석 불가,N,,,,,
오남,4호선(진접선),C3,2024-08-10,not_in_data,오남,경기,남양주시,C3 분석 불가,N,,,,,
진접,4호선(진접선),C3,2024-08-10,not_in_data,진접,경기,남양주시,C3 분석 불가,N,,,,,
장자호수공원,8호선(별내선),C3,2024-08-10,not_in_data;no_pre_period,장자호수공원,경기,구리시,개통일=적용일,N,,,,,
구리,8호선(별내선),C3,2024-08-10,not_in_data;no_pre_period,구리,경기,구리시,개통일=적용일,N,,,,,
동구릉,8호선(별내선),C3,2024-08-10,not_in_data;no_pre_period,동구릉,경기,구리시,개통일=적용일,N,,,,,
다산,8호선(별내선),C3,2024-08-10,not_in_data;no_pre_period,다산,경기,남양주시,개통일=적용일,N,,,,,
별내,8호선(별내선),C3,2024-08-10,not_in_data;no_pre_period,별내,경기,남양주시,개통일=적용일,N,,,,,
일산,서해선,C4,2024-11-30,not_in_data,일산,경기,고양시,같은 역의 경의선 값만 있음,N,,,,,
풍산,서해선,C4,2024-11-30,not_in_data,풍산,경기,고양시,같은 역의 경의선 값만 있음,N,,,,,
백마,서해선,C4,2024-11-30,not_in_data,백마,경기,고양시,같은 역의 경의선 값만 있음,N,,,,,
곡산,서해선,C4,2024-11-30,not_in_data,곡산,경기,고양시,같은 역의 경의선 값만 있음,N,,,,,
대곡,서해선,C4,2024-11-30,not_in_data,대곡,경기,고양시,같은 역의 경의선 값만 있음,N,,,,,
능곡,서해선,C4,2024-11-30,not_in_data,능곡,경기,고양시,같은 역의 경의선 값만 있음,N,,,,,
소사,서해선,NT,,not_in_data,소사,경기,부천시,,N,,,,,
소새울,서해선,NT,,not_in_data,소새울,경기,시흥시,,N,,,,,
시흥대야,서해선,NT,,not_in_data,시흥대야,경기,시흥시,,N,,,,,
신천,서해선,NT,,not_in_data,신천,경기,시흥시,,N,,,,,
신현,서해선,NT,,not_in_data,신현,경기,시흥시,,N,,,,,
시흥시청,서해선,NT,,not_in_data,시흥시청,경기,시흥시,,N,,,,,
시흥능곡,서해선,NT,,not_in_data,시흥능곡,경기,시흥시,,N,,,,,
달미,서해선,NT,,not_in_data,달미,경기,안산시,,N,,,,,
선부,서해선,NT,,not_in_data,선부,경기,안산시,,N,,,,,
초지,서해선,NT,,not_in_data,초지,경기,안산시,,N,,,,,
시우,서해선,NT,,not_in_data,시우,경기,안산시,,N,,,,,
원시,서해선,NT,,not_in_data,원시,경기,안산시,,N,,,,,
신사,신분당선,PL,,not_in_data,신사,서울,,within-city placebo 후보지만 데이터셋 미제공,N,,,,,
논현,신분당선,PL,,not_in_data,논현,서울,,within-city placebo 후보지만 데이터셋 미제공,N,,,,,
신논현,신분당선,PL,,not_in_data,신논현,서울,,within-city placebo 후보지만 데이터셋 미제공,N,,,,,
강남,신분당선,PL,,not_in_data,강남,서울,,within-city placebo 후보지만 데이터셋 미제공,N,,,,,
양재,신분당선,PL,,not_in_data,양재,서울,,within-city placebo 후보지만 데이터셋 미제공,N,,,,,
양재시민의숲,신분당선,PL,,not_in_data,양재시민의숲,서울,,within-city placebo 후보지만 데이터셋 미제공,N,,,,,
청계산입구,신분당선,PL,,not_in_data,청계산입구,서울,,within-city placebo 후보지만 데이터셋 미제공,N,,,,,
판교,신분당선,PL,,not_in_data,판교,경기,성남시,,N,,,,,
정자,신분당선,PL,,not_in_data,정자,경기,성남시,,N,,,,,
미금,신분당선,PL,,not_in_data,미금,경기,성남시,,N,,,,,
동천,신분당선,PL,,not_in_data,동천,경기,용인시,,N,,,,,
수지구청,신분당선,PL,,not_in_data,수지구청,경기,용인시,,N,,,,,
성복,신분당선,PL,,not_in_data,성복,경기,용인시,,N,,,,,
상현,신분당선,PL,,not_in_data,상현,경기,용인시,,N,,,,,
광교중앙,신분당선,PL,,not_in_data,광교중앙,경기,수원시,,N,,,,,
광교,신분당선,PL,,not_in_data,광교,경기,수원시,,N,,,,,
