event,date,stations_affected,handling,source,verified
신림선 개통,2022-05-28,"신림선 단독역 7곳(서울지방병무청·보라매공원·보라매병원·당곡·서원·서울대벤처타운·관악산), 환승역 샛강·대방·보라매·신림",단독역 제외(2022 계절 진폭 1.5~2.3 log - 수요 정착기),지식 + 데이터(2022-05 부분월),데이터로 부분 확인
서해선 대곡~소사 개통,2023-07-01,"김포공항, 원종(신설), 부천종합운동장(신설), 소사, 대곡, 능곡",신설역 제외 / 환승역 제외,지식 + 데이터(서해선 3역이 2023-07부터 등장),데이터로 부분 확인
서해선 일산 연장(경의중앙선 선로 직결),2023-08-26,"일산, 풍산, 백마, 곡산",포함하되 사전기간 2023-09 이후 권장(note),지식,미확인
경원선 연천 연장,2023-12-16,"청산(데이터상 2023-12은 초성리), 전곡, 연천, 소요산(구 종착역)",신설역·구 종착역 제외,지식 + 데이터(2023-12부터 등장),데이터로 부분 확인
GTX-A 수서~동탄 개통,2024-03-30,"수서, 구성, 성남(경강선 신설역 동시 개통)",제외,https://www.newspim.com/news/view/20240321000433,공식 보도
별내선(8호선 암사~별내) 개통,2024-08-10,"암사역사공원(신설), 암사(구 종착역), 구리·별내(환승)",신설역·구 종착역 제외,https://go.seoul.co.kr/news/newsView.php?id=20240808018002,공식 보도
GTX-A 운정중앙~서울역 개통,2024-12-28,"서울역, 연신내, 대곡",제외,https://www.gtx-a.com/releaseDetail.do?boardId=148,공식 보도
GTX-A 서울역~수서 연결,2026-06-27(예정 보도),"서울역, 수서",이미 제외됨 - 개통 여부만 확인,https://mediahub.seoul.go.kr/archives/2015769,미확인
위례선 트램,2026-12(예정 보도),"마천, 복정, 남위례",데이터 기간 밖 - 영향 없음,검색 요약(2차 출처),미확인
